0,statusN_Rmean=4,statusS_Rmean=4,tempC_Rmean=4,windspeedMiles_Rmean=4,precipMM_Rmean=4,humidity_Rmean=4,visibility_Rmean=4,pressure_Rmean=4,cloudcover_Rmean=4,heatIndexC_Rmean=4,dewPointC_Rmean=4,windChillC_Rmean=4,windGustMiles_Rmean=4,feelsLikeC_Rmean=4
statusN,0.7830107950286105,0.09771985489706343,-0.3636127548031633,-0.0998821229586388,-0.006622460102875796,0.3099205071740779,0.07360488293152767,-0.031443043376218026,0.039552723507694384,-0.3725177627805613,-0.23396952307243365,-0.3636016447414547,-0.04670627511647047,-0.3725177627805613
statusS,0.10648118477051942,0.870895888297759,-0.10470713391996507,0.0037024741690958813,0.009523414487722587,0.0862009097261602,-0.03787517427434365,0.008655729666207444,-0.016858351857790155,-0.10527887224408834,-0.060615803928900036,-0.10448933914888096,0.021177515010275955,-0.10527887224408834
tempC,-0.3206352083503389,-0.09311500609296997,0.9573271190300472,-0.03634938921372543,-0.13754417092335486,-0.8958774348738101,0.22921620873022924,0.0242516372719867,-0.2418870094799376,0.9492175409702164,0.3447717297850931,0.9572759978529872,-0.1960489792745987,0.9492175409702164
windspeedMiles,-0.13469414249748307,0.007003269533615959,0.13420158420618716,0.9691210076050448,0.3909766423328671,-0.09737914880848572,-0.2831906553921099,-0.4922858205797028,0.3663558343826859,0.1355536600247472,0.013383982795234908,0.1350738459246514,0.9168057069254544,0.1355536600247472
precipMM,-0.06908846867389327,0.014849430836690512,0.04569354332976894,0.4202364393548224,0.9598065624645568,0.1338742608726613,-0.669096654824126,-0.4549507866105702,0.5867816495858937,0.11657193398809525,0.3823467518299221,0.04635058274889877,0.4782637152438341,0.11657193398809525
humidity,0.26241464119118835,0.07635729781618719,-0.8678675341319141,0.06718582910116895,0.31680182142075675,0.9667246390195084,-0.3600260673637321,-0.13264464956411626,0.30828828673653424,-0.8189295618729109,-0.052909650719841474,-0.8676535344594822,0.2260317483469997,-0.8189295618729109
visibility,0.06451632716821062,-0.0306200817491166,0.007995870739362069,-0.3456808427851543,-0.7770234603026095,-0.1655799893099036,0.8018863337925839,0.3383863193399773,-0.4654127706910674,-0.0583354804840159,-0.3190678999021693,0.0073242769395689316,-0.4046160818428807,-0.0583354804840159
pressure,-0.06251722670453219,0.0033904315993008127,-0.0029600236656337872,-0.4732197246368015,-0.4308752971935105,-0.0906122843726829,0.17743936825825685,0.9896358110033372,-0.4404612480065969,-0.06277063330036718,-0.2048458301019827,-0.003485246027696481,-0.4452165188290176,-0.06277063330036718
cloudcover,0.010242674613962078,-0.018001161332941086,-0.17901772486152606,0.3385407943310362,0.568330336535755,0.24525667728174635,-0.4055373455381882,-0.44634206739170657,0.9769210283168586,-0.11644679751913765,0.12482096162579492,-0.17830682685401775,0.3859360244277135,-0.11644679751913765
heatIndexC,-0.315175882385687,-0.0905637950056747,0.9223229518080258,-0.055513313834894135,-0.07817009081770858,-0.8229902733387962,0.16298182744358855,-0.0232394600427493,-0.19030274373068184,0.9570569191842014,0.4851696955049292,0.9223286747467332,-0.2116000551843736,0.9570569191842014
dewPointC,-0.20277718193671004,-0.05272808926503601,0.31110931813928405,-0.06976051517673752,0.2991054556710809,-0.03996397572749359,-0.2514391429590667,-0.2101753258996142,0.09021079328711314,0.4557649814027381,0.9297792885924968,0.31133340971775425,-0.10797383012967113,0.4557649814027381
windChillC,-0.32078087282297024,-0.09307850513661163,0.9573126917537677,-0.0355380604335815,-0.1370435862082556,-0.8958101961895485,0.22870532408097344,0.02374873597342605,-0.2412126538573268,0.9492972712816772,0.3449303404270148,0.95731689732527,-0.19526624108181986,0.9492972712816772
windGustMiles,-0.09017767367289184,0.02179514745722775,0.01523921310952856,0.962115972623452,0.4878210824241821,0.024542423648846283,-0.36948099664061657,-0.4829147269395162,0.4306777167236579,0.015395681552123562,-0.022554874326880792,0.016033679703565732,0.9706557358646056,0.015395681552123562
feelsLikeC,-0.315175882385687,-0.0905637950056747,0.9223229518080258,-0.055513313834894135,-0.07817009081770858,-0.8229902733387962,0.16298182744358855,-0.0232394600427493,-0.19030274373068184,0.9570569191842014,0.4851696955049292,0.9223286747467332,-0.2116000551843736,0.9570569191842014
statusN_Rmean=2,0.8720607699915441,0.10453685617750297,-0.3664893544287681,-0.10721659946141897,-0.01800776326434592,0.31055586971843796,0.08034227193033906,-0.03635837874754078,0.035007295629661365,-0.3722948927851934,-0.2360642670218876,-0.3665374235459937,-0.05514170524500895,-0.3722948927851934
statusS_Rmean=2,0.10962644572597513,0.9240575809655104,-0.10449091595917323,0.004213405608582946,0.00990054309949219,0.08675533991701084,-0.03923986906253737,0.008320828419963065,-0.015456319628318631,-0.10458024768913428,-0.06166479396209891,-0.10435445489753044,0.02190687300268257,-0.10458024768913428
statusN_Rmean=3,0.9537828819471326,0.10889623476359124,-0.3666997695409552,-0.11413391597169575,-0.028996100340279482,0.3088587811542144,0.08718675468095623,-0.041369430578781466,0.03083472838417825,-0.3693853772553404,-0.2365741477679835,-0.3667963043071527,-0.06276502785159062,-0.3693853772553404
statusS_Rmean=3,0.11237460231203818,0.971193387152009,-0.1033934775450821,0.00463090408648713,0.011470815126952643,0.08684792151113535,-0.0409029588027103,0.007543027168292544,-0.014668755353991874,-0.10294954645475232,-0.06139898739561719,-0.10330052604034196,0.02257115285918474,-0.10294954645475232
statusN_Rmean=4,1.0,0.11199730116567527,-0.3636815140585781,-0.12003826339016352,-0.03989849699408973,0.3042747962536376,0.09491153206134366,-0.04623050453103664,0.026094194810907263,-0.3632731415122121,-0.2336136250115766,-0.3638506888656156,-0.06960664501642501,-0.3632731415122121
statusS_Rmean=4,0.11199730116567527,1.0,-0.10161232398220328,0.004833775019314285,0.012453156295573241,0.08585095891606488,-0.04221843259235883,0.007232401892946769,-0.014716449976189806,-0.10074286571763892,-0.060590582354231926,-0.10158624484216064,0.022815716961461268,-0.10074286571763892
statusN_Rmean=8,0.7409043752420373,0.10421336573865704,-0.3030624652803847,-0.13798841465078762,-0.08215574548127942,0.2456469382201873,0.12182004126409955,-0.062133300276669814,0.006810584495655928,-0.2922249643537195,-0.18950287644196145,-0.3031845174751711,-0.10014126975917212,-0.2922249643537195
statusS_Rmean=8,0.09150668685137886,0.8141185803854583,-0.0855522968848398,0.008973488242654572,0.017256805052209338,0.07260417334988102,-0.05347011341381645,0.003204658858266232,-0.017486117211033703,-0.08293357780705653,-0.04757854408934762,-0.0854975392116141,0.025648359407841742,-0.08293357780705653
statusN_Rmean=12,0.5238794486960981,0.07228944925870671,-0.1719919258014241,-0.13558474606043508,-0.11385053843265673,0.1315841067614517,0.14193020523195954,-0.06380655469398519,-0.0015163069397146846,-0.15182515376186992,-0.08862653236149869,-0.1721019512057129,-0.12667818673710954,-0.15182515376186992
statusS_Rmean=12,0.05163956600596728,0.5650560466068608,-0.05559302581881132,0.014688390738658769,0.01926495646111649,0.04694326651395381,-0.06656395663698374,0.0011249443054480233,-0.02004621139749327,-0.05206959628328986,-0.02505165725157367,-0.05550905005032855,0.025966941613045167,-0.05206959628328986
statusN_Rmean=24,0.0886562348368022,-0.05751645023315315,0.3081547236698352,0.03942371455434045,-0.02490544010840304,-0.2931866785673328,0.0688701535726558,-0.09192418807665216,0.04381271814622233,0.3320007029577149,0.16319386951516976,0.3084200920957037,-0.030109609415548893,0.3320007029577149
statusS_Rmean=24,0.013132323827903348,0.14709502435419247,0.008176049365118345,0.058058463342605414,0.030652223718846405,-0.019232400595666683,-0.0714398446711921,-0.005190496218026251,0.015689322406962133,0.013392137414677594,0.006187871074628547,0.008721742507259076,0.056280135483107466,0.013392137414677594
statusN_Rmean=32,-0.05361958546402201,-0.08024315534434978,0.4188532923928729,0.21226244674231576,0.12534443405019233,-0.3871535288946537,-0.06314274780555465,-0.16207131483573226,0.0854198889733074,0.4372581520202747,0.2041699468490005,0.4193982772176521,0.14529523681865802,0.4372581520202747
statusS_Rmean=32,0.03919249689631149,0.06777945990159746,-0.0022164173182893654,0.07568632180964073,0.039808914368252485,-0.00935270799530372,-0.06660193350764745,-0.008823697794711653,0.04169741169718948,-0.0023078828858806057,-0.017252001205496918,-0.0015475903223188627,0.08052053112722721,-0.0023078828858806057
statusN_Rmean=48,-0.025494572923419768,-0.07742380258262617,0.004768974934732795,0.238112054399392,0.2212429327274472,0.027933450114715846,-0.13020237264031626,-0.1444506360961017,0.08244318737192456,-0.013714081433694212,0.0015400939217354922,0.005335551900766602,0.26856696866335433,-0.013714081433694212
statusS_Rmean=48,0.0748810471778165,-0.011138365913137046,-0.06936542594822086,0.06493564999420103,0.010796423929724026,0.06000502543288861,-0.0515082557425052,0.0010750178956852807,0.00814521581849933,-0.06991756292069813,-0.05181577692413501,-0.0686195663729876,0.07887276542888859,-0.06991756292069813
statusN_Rmean=96,0.05411610978554061,-0.017545476363837468,0.013748838551939565,0.14768300847059676,0.08549045233572576,-0.015038271251937803,0.017953432698133372,-0.18976273248565545,0.0345333374186702,0.013213792716720948,-0.0128563567135469,0.01428738436115285,0.13571043286669862,0.013213792716720948
statusS_Rmean=96,0.07014579534881422,-0.0192912767735459,-0.07558693111509245,0.04198701095388548,0.014154167805633637,0.0797713556443724,-0.06780511193601861,0.013108952794847849,0.023546254627554688,-0.08057294166636925,-0.045497017637404366,-0.07527812867468077,0.05872881230693393,-0.08057294166636925
tempC_Rmean=2,-0.3384652216854789,-0.09688061855819603,0.979743924232526,-0.0014662628382890665,-0.10416289636366463,-0.9087320047118664,0.2042410292891464,0.017890395843828233,-0.23023057480679715,0.9659799289274816,0.35064351315878844,0.9796871121305756,-0.1579223933879219,0.9659799289274816
windspeedMiles_Rmean=2,-0.12869925707338464,0.0004662666527725829,0.11758704388034515,0.9830998839389742,0.40576286911398535,-0.0830678745730478,-0.2776785724378817,-0.4905127735754752,0.3662113031352969,0.11449056707810447,-0.0033603797511146893,0.11846467301921433,0.935090905246042,0.11449056707810447
precipMM_Rmean=2,-0.07892100303740276,0.019962168839209742,-0.01451616715988015,0.4239338388986439,0.9486333509602078,0.18311338957884046,-0.7444640624363584,-0.3852998908064721,0.5793853586944123,0.0517590661710483,0.3454095288800857,-0.013886237637668662,0.4966234080773122,0.0517590661710483
humidity_Rmean=2,0.2800291497855657,0.08007018818117585,-0.8890993662197424,0.033242976190994734,0.28537241052602697,0.9848217044191264,-0.33511725900167644,-0.12386492567157514,0.29695328811301697,-0.8365942778538233,-0.05678266429022046,-0.8889164195144788,0.1899126288081316,-0.8365942778538233
visibility_Rmean=2,0.0030826275785185765,-0.002790213864376865,-0.04821924669618671,-0.3334377544486639,-0.7416079246199923,-0.08902363748255812,0.5319497113690772,0.4284106920289609,-0.4210837573354945,-0.09913858024427534,-0.2460591728037053,-0.048845516525885306,-0.3691521409385316,-0.09913858024427534
pressure_Rmean=2,-0.05731658067496606,0.0045557843495623715,0.0013627258654612061,-0.4799099377230889,-0.4362044787056924,-0.0954770970029385,0.1829395922694074,0.9943810596329156,-0.44157587669730736,-0.05784055453681645,-0.2054649689763505,0.0008421574031517548,-0.4542999737194379,-0.05784055453681645
cloudcover_Rmean=2,0.015418853571501741,-0.016973787295170555,-0.18901971287858,0.3450619484662308,0.5747822758205826,0.2549682372659713,-0.4082487539061995,-0.44584164174386576,0.9892753989169316,-0.12752006838253588,0.11819704837519272,-0.1883009741627996,0.394729111534442,-0.12752006838253588
heatIndexC_Rmean=2,-0.33505659649733205,-0.09468446940328973,0.9479031937120564,-0.018932274289748103,-0.044791008243865185,-0.8392685085692851,0.13662183919773266,-0.030131713943048862,-0.17935296274038395,0.980056301026253,0.4951289724164828,0.9479153187657058,-0.17238152260638134,0.980056301026253
dewPointC_Rmean=2,-0.2161069132224169,-0.0559905617886923,0.3286603843655886,-0.057518482448808965,0.3146056167575383,-0.04809519541396845,-0.26194546031221105,-0.20971094864870485,0.0946995277503585,0.4750484726797672,0.9624292618042188,0.3289025349892841,-0.09667364834031628,0.4750484726797672
windChillC_Rmean=2,-0.3386505506643785,-0.09686931336318268,0.9797061236781106,-0.0006417532675230283,-0.103624338658663,-0.9086497534332348,0.20374002710094755,0.017385196586862158,-0.2295393234140647,0.9660536190764054,0.3508389645978727,0.9797405861202874,-0.15712890490962755,0.9660536190764054
windGustMiles_Rmean=2,-0.0866973359934953,0.023863285432363827,-0.02076206828494186,0.9640097664907488,0.4915358637426635,0.06154092431889599,-0.3857841763730348,-0.4738061600552771,0.4267005110323602,-0.023182363554736282,-0.034110726309065316,-0.01995777528100406,0.9846064925315858,-0.023182363554736282
feelsLikeC_Rmean=2,-0.33505659649733205,-0.09468446940328973,0.9479031937120564,-0.018932274289748103,-0.044791008243865185,-0.8392685085692851,0.13662183919773266,-0.030131713943048862,-0.17935296274038395,0.980056301026253,0.4951289724164828,0.9479153187657058,-0.17238152260638134,0.980056301026253
tempC_Rmean=3,-0.3551853777690501,-0.09940124604477134,0.9941382150967536,0.028396564868136867,-0.07572456105476884,-0.912703973481103,0.17206209701109765,0.019249919744548274,-0.2229825070428393,0.9743888536321448,0.35493997833015634,0.9940810937302482,-0.12251634697723685,0.9743888536321448
windspeedMiles_Rmean=3,-0.13302042648795606,0.010224805971759308,0.07877470712878694,0.9874861166167564,0.4044097485303401,-0.03869299417375522,-0.3162376708359102,-0.4758527712710571,0.3593640743422225,0.07485392210473314,-0.006493146789413266,0.07963866834593476,0.9512131896170432,0.07485392210473314
precipMM_Rmean=3,-0.0628512190096873,0.004718205442784089,-0.040424236643478884,0.3917967001818986,0.9660745920007204,0.22332929686711286,-0.7256055995361391,-0.4086094469835216,0.581619270610324,0.03104744542668003,0.3679261554975124,-0.03993097806838792,0.4722196421294835,0.03104744542668003
humidity_Rmean=3,0.29409872481567817,0.0836761695980036,-0.9042427179178828,0.0038940346085356336,0.25381005034645104,0.9961028176535058,-0.3094320825204225,-0.11664560058436987,0.2875120302778905,-0.8481569515143955,-0.05890712240642014,-0.9040846678439041,0.1563956367628484,-0.8481569515143955
visibility_Rmean=3,0.1010360916524816,-0.03746201690847239,0.1277540780366539,-0.3073483336448853,-0.660170930669819,-0.24913767040707904,0.9523901042827796,0.17159172771495354,-0.41460786692133206,0.07250313629491209,-0.2405593584543153,0.127130612590547,-0.3892963089093524,0.07250313629491209
pressure_Rmean=3,-0.05180451408211706,0.005847132320554078,0.006223941957641724,-0.4857402067944345,-0.4413219473510265,-0.10112077692201857,0.18778928068120995,0.9978132245976904,-0.4425079339571233,-0.05219232355928799,-0.2062701608113148,0.0057029191030284615,-0.4626005920496061,-0.05219232355928799
cloudcover_Rmean=3,0.021036058960436168,-0.015659150374177786,-0.19899234816725286,0.3520017792471836,0.5796924089420917,0.26432834274893663,-0.4092593432377336,-0.4455738642872692,0.997223197618986,-0.13877812389662705,0.11075014940691544,-0.1982672040719343,0.40374434048302216,-0.13877812389662705
heatIndexC_Rmean=3,-0.3497484537495302,-0.09846606754145948,0.9658418557019726,0.017066095875260808,-0.00879834918915567,-0.8510046941035682,0.11626534257918485,-0.040091552561866285,-0.16420324805101486,0.9948081344538112,0.4968563315927428,0.9658490094926072,-0.13319266267054047,0.9948081344538112
dewPointC_Rmean=3,-0.22592269893529074,-0.05879122676156104,0.342204699407278,-0.04465449675992705,0.32947533011744096,-0.05427310940248335,-0.2712423599036442,-0.2082717496468976,0.09979648689865003,0.4891726192193247,0.9855402594117574,0.3424550262370909,-0.08418291654554425,0.4891726192193247
windChillC_Rmean=3,-0.35546187237385063,-0.09936822814688004,0.9940569595037428,0.029416891754860317,-0.07504943098230206,-0.9125664297307328,0.17150611089888684,0.01858527586637168,-0.2222085583300753,0.9744301462036083,0.35519695735241985,0.9941364112775593,-0.1215408006704871,0.9744301462036083
windGustMiles_Rmean=3,-0.08044155095019097,0.023292870250402862,-0.05512915008147306,0.9642471818148559,0.4920318177353348,0.0944679810917989,-0.3876709451322087,-0.4671730313753106,0.4195373769283673,-0.0602984884540882,-0.04985721202756966,-0.054315930844604315,0.9945932463380264,-0.0602984884540882
feelsLikeC_Rmean=3,-0.3497484537495302,-0.09846606754145948,0.9658418557019726,0.017066095875260808,-0.00879834918915567,-0.8510046941035682,0.11626534257918485,-0.040091552561866285,-0.16420324805101486,0.9948081344538112,0.4968563315927428,0.9658490094926072,-0.13319266267054047,0.9948081344538112
tempC_Rmean=4,-0.3636815140585781,-0.10161232398220328,1.0,0.06021929060737982,-0.04164158711734575,-0.9121154449389776,0.14964824026895426,0.01164930218534677,-0.21089657745583645,0.9746503043755084,0.3511947311167012,0.9999185870200806,-0.08512371148144714,0.9746503043755084
windspeedMiles_Rmean=4,-0.12003826339016352,0.004833775019314285,0.06021929060737982,1.0,0.4141008626844169,-0.0270606526158056,-0.2848965833792444,-0.4906319457390505,0.35711769944070737,0.051042802203267526,-0.03147869488364265,0.061086914908212414,0.9626471288824432,0.051042802203267526
precipMM_Rmean=4,-0.03989849699408973,0.012453156295573241,-0.04164158711734575,0.4141008626844169,1.0,0.22125252671423964,-0.6792549513147499,-0.4457255364548297,0.5833040342274625,0.025215285807710628,0.34421860612141075,-0.04102019002113292,0.4921853580856762,0.025215285807710628
humidity_Rmean=4,0.3042747962536376,0.08585095891606488,-0.9121154449389776,-0.0270606526158056,0.22125252671423964,1.0,-0.2852390931572235,-0.10771441665302203,0.2761436907667865,-0.8524781363830453,-0.057864943063505675,-0.9119780235701416,0.12079996765430688,-0.8524781363830453
visibility_Rmean=4,0.09491153206134366,-0.04221843259235883,0.14964824026895426,-0.2848965833792444,-0.6792549513147499,-0.2852390931572235,1.0,0.19180873161363188,-0.41228215940686586,0.08758782940252492,-0.2808515253159958,0.14912789698940174,-0.372487491839664,0.08758782940252492
pressure_Rmean=4,-0.04623050453103664,0.007232401892946769,0.01164930218534677,-0.4906319457390505,-0.4457255364548297,-0.10771441665302203,0.19180873161363188,1.0,-0.4436948653671106,-0.04574090680980901,-0.20684961660784,0.011126750271420521,-0.4700574821490642,-0.04574090680980901
cloudcover_Rmean=4,0.026094194810907263,-0.014716449976189806,-0.21089657745583645,0.35711769944070737,0.5833040342274625,0.2761436907667865,-0.41228215940686586,-0.4436948653671106,1.0,-0.1515427562312395,0.1056181874310062,-0.2101699730039639,0.411410257567747,-0.1515427562312395
heatIndexC_Rmean=4,-0.3632731415122121,-0.10074286571763892,0.9746503043755084,0.051042802203267526,0.025215285807710628,-0.8524781363830453,0.08758782940252492,-0.04574090680980901,-0.1515427562312395,1.0,0.4973503416422945,0.974672082822698,-0.09376253177808068,1.0
dewPointC_Rmean=4,-0.2336136250115766,-0.060590582354231926,0.3511947311167012,-0.03147869488364265,0.34421860612141075,-0.057864943063505675,-0.2808515253159958,-0.20684961660784,0.1056181874310062,0.4973503416422945,1.0,0.3514404707943272,-0.07049580346923494,0.4973503416422945
windChillC_Rmean=4,-0.3638506888656156,-0.10158624484216064,0.9999185870200806,0.061086914908212414,-0.04102019002113292,-0.9119780235701416,0.14912789698940174,0.011126750271420521,-0.2101699730039639,0.974672082822698,0.3514404707943272,1.0,-0.08430371794034941,0.974672082822698
windGustMiles_Rmean=4,-0.06960664501642501,0.022815716961461268,-0.08512371148144714,0.9626471288824432,0.4921853580856762,0.12079996765430688,-0.372487491839664,-0.4700574821490642,0.411410257567747,-0.09376253177808068,-0.07049580346923494,-0.08430371794034941,1.0,-0.09376253177808068
feelsLikeC_Rmean=4,-0.3632731415122121,-0.10074286571763892,0.9746503043755084,0.051042802203267526,0.025215285807710628,-0.8524781363830453,0.08758782940252492,-0.04574090680980901,-0.1515427562312395,1.0,0.4973503416422945,0.974672082822698,-0.09376253177808068,1.0
tempC_Rmean=8,-0.3617465521925297,-0.10215933527056614,0.9314585998403364,0.1568956680409087,0.07826002027539647,-0.8413507905431628,0.059177814299360004,-0.00503142505779569,-0.170025188945772,0.8917102919558035,0.2924939405227389,0.931414661015292,0.0473239888940744,0.8917102919558035
windspeedMiles_Rmean=8,-0.09908141018095276,0.008812424205756229,-0.08184265784666397,0.9525307767944542,0.4189833665379771,0.1150233230280697,-0.3172018655125561,-0.4529406591477567,0.3332295352316875,-0.09762729976265998,-0.07493794073590898,-0.08100858515476896,0.9578273192375828,-0.09762729976265998
precipMM_Rmean=8,0.005106853523551343,0.009261968915567428,-0.1737734899680075,0.3761642215752752,0.9454416796027076,0.34942254211826873,-0.6521839061958882,-0.42856458496356375,0.5675360852069103,-0.10952820102374156,0.292926873944976,-0.17327977157290347,0.4751313524084743,-0.10952820102374156
humidity_Rmean=8,0.3132074161301209,0.08660256582241575,-0.8748241568380585,-0.12021358145071985,0.10531238282098046,0.9442172135343516,-0.19203143410714604,-0.08671253605542686,0.2403469071736133,-0.7999170028802391,-0.02721789747118015,-0.874750099219648,-0.003630478605368854,-0.7999170028802391
visibility_Rmean=8,0.0637391782672833,-0.03366613542589464,0.2438444281307491,-0.27101984622844577,-0.6848423168125457,-0.3787591567215196,0.8840940731814831,0.19990717008971373,-0.4192057006339744,0.18406602683848394,-0.24508191519016664,0.24334109050060754,-0.371294987618896,0.18406602683848394
pressure_Rmean=8,-0.026862332723276046,0.010727564634232255,0.03902819979622812,-0.5004456328854436,-0.4565834711242776,-0.14085761217562348,0.197406620083364,0.9870292740614892,-0.4469876476833721,-0.013143890063206714,-0.20731534551944444,0.03849209729989783,-0.4892271979295513,-0.013143890063206714
cloudcover_Rmean=8,0.045242703190095004,-0.01577523867828589,-0.25722369175391024,0.3699789457296335,0.5871169409399793,0.32051895057076923,-0.4150499450732975,-0.4392375544017994,0.962778195125134,-0.2007925195405036,0.08960178895915688,-0.25653348017460403,0.4327000086911527,-0.2007925195405036
heatIndexC_Rmean=8,-0.3754781651103765,-0.10305257468519867,0.9273823869903676,0.15898089523579845,0.1487466762299689,-0.7941224089776016,-0.011883931739661673,-0.06159976780133184,-0.1076343311322016,0.9283819130626372,0.4390076065342564,0.9274203413118252,0.04977503407576807,0.9283819130626372
dewPointC_Rmean=8,-0.2332609073632177,-0.05622491536890393,0.3406885682464474,0.01969695051689835,0.40076003170382574,-0.045082500838666134,-0.31592280439380754,-0.2028301046213154,0.13613245011052913,0.4723902924877145,0.9095307688448148,0.34078694274524424,-0.006895484126090488,0.4723902924877145
windChillC_Rmean=8,-0.3616391901219355,-0.1019132098006211,0.9314227183956956,0.15769202480042616,0.07886849551967443,-0.8411094574779698,0.05866223567725366,-0.005513612607542176,-0.16936946359595242,0.8917260253392291,0.2927263541432248,0.9314312336840788,0.048065614916367634,0.8917260253392291
windGustMiles_Rmean=8,-0.036194791102031776,0.022741405877601272,-0.2369635744951515,0.8942266376130851,0.4702068197662751,0.26443486980481035,-0.3577720715441869,-0.432829023458465,0.3800402090546657,-0.25040285873070434,-0.1196443881493367,-0.23615293558630804,0.9539662578022164,-0.25040285873070434
feelsLikeC_Rmean=8,-0.3754781651103765,-0.10305257468519867,0.9273823869903676,0.15898089523579845,0.1487466762299689,-0.7941224089776016,-0.011883931739661673,-0.06159976780133184,-0.1076343311322016,0.9283819130626372,0.4390076065342564,0.9274203413118252,0.04977503407576807,0.9283819130626372
tempC_Rmean=12,-0.3071265667367992,-0.0919002945217473,0.7554666304035919,0.20053590555306108,0.16449287620442152,-0.6776990689652798,-0.008336508151173318,-0.007548335113389073,-0.14193554440305398,0.6994898930093428,0.1829722700652905,0.7553477522294001,0.14165058520511473,0.6994898930093428
windspeedMiles_Rmean=12,-0.04767674392008105,0.0150691450312515,-0.2362366188369649,0.8495796571215135,0.3926355607233062,0.25968110736524475,-0.2944292950108145,-0.4179262213421951,0.3029629962028488,-0.25346523185331393,-0.12124672695214375,-0.2354215929816386,0.8841285918506121,-0.25346523185331393
precipMM_Rmean=12,0.052045636804012134,0.015060205199759069,-0.3201532628940112,0.32536866000758585,0.8305368895984809,0.4793352342447839,-0.6136020854199912,-0.3731066396746296,0.5315665135830466,-0.2570326927600373,0.2283472425186304,-0.31969663673870746,0.4399063142036318,-0.2570326927600373
humidity_Rmean=12,0.2803048342820895,0.08067881378656343,-0.7410587996967543,-0.1609052493423146,0.018748297011892984,0.7966592639453866,-0.11857071839839473,-0.08278044068659854,0.21843182651938287,-0.6523617131758088,0.03600630253893501,-0.7409606586525572,-0.08934493168495528,-0.6523617131758088
visibility_Rmean=12,0.028776373059832824,-0.019296715665132604,0.3009660645756991,-0.18061124407640264,-0.6384675623293617,-0.4511267994451225,0.7061902639076669,0.19492393453569126,-0.40606888542803204,0.2360883844218804,-0.26046528534433194,0.3006005453102567,-0.2833930752718249,0.2360883844218804
pressure_Rmean=12,-0.019606720012934488,0.01102302547743185,0.07696441250314312,-0.4953037527410302,-0.4577000711077228,-0.1803354954549168,0.19306097433647515,0.9629114811140213,-0.4487858672280036,0.030139624209415006,-0.19674993171626312,0.07639206495493882,-0.4914903961282051,0.030139624209415006
cloudcover_Rmean=12,0.06195218935082453,-0.018100992148633803,-0.3019349728882679,0.3680104486513685,0.5715007013316316,0.3639609608465785,-0.4064697929778551,-0.4299313012309508,0.877312182197833,-0.2477738232899048,0.08179219000403705,-0.30130647891003315,0.43663191811562224,-0.2477738232899048
heatIndexC_Rmean=12,-0.3305327648412431,-0.09575219593470187,0.7652992414398445,0.2152037094887594,0.23960599522077905,-0.6399116398129323,-0.08778239175241573,-0.061951210549784724,-0.07536882827369701,0.7410432204628848,0.31826091866749384,0.7652199503148891,0.15754277169784667,0.7410432204628848
dewPointC_Rmean=12,-0.19028165838504688,-0.04363193935488057,0.2655500450941045,0.06046398205619322,0.442913784497514,0.010297472157400045,-0.34616548465917873,-0.204125540494388,0.1727616946202134,0.3752572166678601,0.7462939153253679,0.2654617812004779,0.05835465756933441,0.3752572166678601
windChillC_Rmean=12,-0.3069541733987137,-0.09166036992924263,0.7553724273242136,0.2012357502597212,0.16516147038252169,-0.6773325272046163,-0.008853792340741578,-0.008083601666774794,-0.14134144116851735,0.6994563777442196,0.18323564164564451,0.7552703594702023,0.14236700696518415,0.6994563777442196
windGustMiles_Rmean=12,0.0185605863486108,0.029446915285818838,-0.3857696354005189,0.7724001485072696,0.4148665082339942,0.40241880992140794,-0.3163037302174642,-0.3882857243451249,0.34104403289229035,-0.3968629373536084,-0.15623049751465778,-0.3849742835827561,0.8444802507473784,-0.3968629373536084
feelsLikeC_Rmean=12,-0.3305327648412431,-0.09575219593470187,0.7652992414398445,0.2152037094887594,0.23960599522077905,-0.6399116398129323,-0.08778239175241573,-0.061951210549784724,-0.07536882827369701,0.7410432204628848,0.31826091866749384,0.7652199503148891,0.15754277169784667,0.7410432204628848
tempC_Rmean=24,0.036789969765511916,-0.025906957496674862,-0.04774042123492332,-0.030469877239304718,0.10766587046579124,0.04364297957304618,0.019207463150654,0.0989337978007145,-0.1862087061034329,-0.13182465835803744,-0.1958377008354587,-0.0482777143817925,0.05565499372835892,-0.13182465835803744
windspeedMiles_Rmean=24,0.16513814632131202,0.0685460708719504,-0.5863235050325252,0.441486587442059,0.18997349990144016,0.5743533415561479,-0.13213740744487126,-0.3188971262956977,0.2226202363427443,-0.5737133935360305,-0.1927045836444065,-0.5856340992105328,0.4996252914495049,-0.5737133935360305
precipMM_Rmean=24,0.17843300577232546,0.02806641045163837,-0.4655433425159025,0.12004078675719825,0.529541794485432,0.5988194823863611,-0.30935751154319,-0.3637636125704447,0.4374851330031073,-0.3866660017990688,0.16653111940464124,-0.4649855798305613,0.2120765864217176,-0.3866660017990688
humidity_Rmean=24,0.004628257111668471,0.028061554503332628,-0.047458551416773714,0.0470507906056059,0.035246532418972916,0.12378490683752864,-0.1202795299124667,-0.1823880150478324,0.25904179471998623,0.06278024440328861,0.3024061516424874,-0.047064254332378166,-0.012675686452772948,0.06278024440328861
visibility_Rmean=24,-0.1312364256075578,-0.06256221723940733,0.4818815770334045,-0.1048159480585382,-0.3333050671623801,-0.5595649106520297,0.27215337661782824,0.19195860388803432,-0.35827210776539026,0.4261159100327055,-0.038015676173467364,0.4812367859031919,-0.17629804414994274,0.4261159100327055
pressure_Rmean=24,-0.11071136071261606,-0.010849009181016377,0.2195474361304779,-0.43495254326622895,-0.4222952897594188,-0.2994401631149337,0.15739642108948684,0.9103202026966326,-0.4448423024444213,0.1730417738792279,-0.11976312652906156,0.2189507172149343,-0.4449942880975163,0.1730417738792279
cloudcover_Rmean=24,0.0961515714412242,0.009817703735983304,-0.3753153430041014,0.3055436687500089,0.4545359970235147,0.4362048250256124,-0.3305747323817038,-0.3932351790585514,0.6145663939343925,-0.31725326875777665,0.08278123280783331,-0.3746306114692094,0.36549502048644905,-0.31725326875777665
heatIndexC_Rmean=24,0.02877364587954705,-0.03519646558994787,-0.056108071261145635,0.020816710686364318,0.20034817816657235,0.09138033742781464,-0.06998419912190902,0.040619496084318835,-0.10248495540440908,-0.12445022497794468,-0.12372976742443755,-0.05660314885703356,0.11563841736306026,-0.12445022497794468
dewPointC_Rmean=24,0.06235411942695105,-0.003835153778210429,-0.14813363087183234,0.06453767489474163,0.4157165447989205,0.3270402956845596,-0.3444417400605789,-0.2067625214247019,0.22395903179619345,-0.08660602492246641,0.2857175906920854,-0.14859467372472054,0.1417909661203676,-0.08660602492246641
windChillC_Rmean=24,0.036796993348213534,-0.02581214637060764,-0.04815541754083676,-0.02998606096594652,0.10813354241317744,0.04426823256954361,0.018721575602898263,0.09850659258728932,-0.18558425501807144,-0.13221742974294745,-0.19579110006563155,-0.04868554752750925,0.05625162161089756,-0.13221742974294745
windGustMiles_Rmean=24,0.19560821123079092,0.07087014318149351,-0.6263169669535499,0.37177703153399577,0.17109005849565034,0.6099241967002509,-0.12432730021914899,-0.2968296827650181,0.2483217348517289,-0.5996088708956775,-0.17907108451583598,-0.6256076696620297,0.4311013581853397,-0.5996088708956775
feelsLikeC_Rmean=24,0.02877364587954705,-0.03519646558994787,-0.056108071261145635,0.020816710686364318,0.20034817816657235,0.09138033742781464,-0.06998419912190902,0.040619496084318835,-0.10248495540440908,-0.12445022497794468,-0.12372976742443755,-0.05660314885703356,0.11563841736306026,-0.12445022497794468
tempC_Rmean=32,0.26626508930774473,0.018754879782335417,-0.4096641011688159,-0.3438453847360555,-0.12311203866077232,0.34016923710370056,0.20503233563187687,0.20334126613724507,-0.2805594183867924,-0.4853703764699968,-0.3484227026996545,-0.4103797628985765,-0.2346367892379214,-0.4853703764699968
windspeedMiles_Rmean=32,0.19565274840867386,0.08046030427152558,-0.5557434927195136,0.27860092190305913,0.05612866801999238,0.5404288203067699,-0.023670095429913426,-0.3032865168148383,0.2006314898046015,-0.5132897822725053,-0.13328451650318246,-0.5551597322578974,0.30643645825583843,-0.5132897822725053
precipMM_Rmean=32,0.16898318490026396,0.03909097046167792,-0.36337467986657945,0.06396155811942363,0.4022639260957588,0.4823429518642445,-0.21411607352875392,-0.35594732000267315,0.4032588048224528,-0.2710685325602076,0.2102123541393172,-0.36250894814184015,0.11289154163319988,-0.2710685325602076
humidity_Rmean=32,-0.21939867820365644,-0.01830011207319032,0.30650147274803163,0.3262107340767492,0.2342750639530533,-0.18142458989090013,-0.28363703323109085,-0.27416338007560714,0.3418409366644178,0.4071623938637339,0.4410924871018656,0.30712840029846217,0.24088925031234465,0.4071623938637339
visibility_Rmean=32,-0.14937642140832266,-0.07989791800938878,0.3898841176375811,-0.02285045211610601,-0.2572514761483122,-0.4774124018517181,0.20670192076322064,0.21171124029378416,-0.35180430219525577,0.30326595127989864,-0.16957633108120834,0.3890795968150846,-0.062278462004792874,0.30326595127989864
pressure_Rmean=32,-0.15191524336854278,-0.023771929766322444,0.2550514650311095,-0.3942330831348873,-0.37739048160371175,-0.3250411042208316,0.12446070935061365,0.9022695622643552,-0.42783887121770897,0.19761331891358705,-0.11634921127671707,0.25451172723865584,-0.4012620231225604,0.19761331891358705
cloudcover_Rmean=32,0.0971706117692516,0.05193125447580763,-0.3584179330988849,0.2713545315036107,0.38664015750732617,0.4225243739868849,-0.2940058525098824,-0.39335005243021787,0.538843883105946,-0.2846564682880508,0.11394954934304022,-0.35767818009140045,0.3140920386523469,-0.2846564682880508
heatIndexC_Rmean=32,0.2788148456524369,0.012338542288179537,-0.4654548294393287,-0.29229444482509137,-0.033090698712533624,0.4271315416847733,0.11648705217006515,0.1462886974636048,-0.20038321627618905,-0.5295204198171237,-0.30693627766292103,-0.4661308374917328,-0.16654878696830372,-0.5295204198171237
dewPointC_Rmean=32,0.16673029130484426,0.0009971136611963743,-0.34417696625066513,-0.03720135305184927,0.2986087134319597,0.4702845445242007,-0.25883046558775225,-0.1620860434541071,0.19093314078656706,-0.3033266577923712,0.12233319270963493,-0.34465172385440657,0.05992096028796338,-0.3033266577923712
windChillC_Rmean=32,0.2665062055054941,0.0186406007880078,-0.4102393283684005,-0.3435046361533848,-0.1228283532753382,0.3408288950023066,0.20467503244644275,0.2030332123221476,-0.280022271499499,-0.4859350386727719,-0.3486794311640485,-0.4109555309162229,-0.23419521330674475,-0.4859350386727719
windGustMiles_Rmean=32,0.17954514257088955,0.07505126793549106,-0.5021669418253084,0.2536464866908693,0.05013808487924677,0.4942812628884992,-0.025661157871302787,-0.29916557152601225,0.22967941497630195,-0.4434517074884898,-0.07251406685062001,-0.5014858861462163,0.2679083467459936,-0.4434517074884898
feelsLikeC_Rmean=32,0.2788148456524369,0.012338542288179537,-0.4654548294393287,-0.29229444482509137,-0.033090698712533624,0.4271315416847733,0.11648705217006515,0.1462886974636048,-0.20038321627618905,-0.5295204198171237,-0.30693627766292103,-0.4661308374917328,-0.16654878696830372,-0.5295204198171237
tempC_Rmean=48,0.25046715513461043,0.025863197168542348,-0.006219143145241653,-0.5987209951677962,-0.42777792600858144,-0.09227531485588616,0.46635317214866295,0.2256027096466925,-0.3744826102820614,-0.02177044759595248,-0.14215476610276484,-0.00673759758815913,-0.6353183094788352,-0.02177044759595248
windspeedMiles_Rmean=48,0.0018019437445282707,0.019228466745606028,-0.0664082862935604,0.42497615928525184,0.0770705568551978,0.08545904896059013,-0.030888496797919374,-0.3744637151374389,0.2618290843477379,-0.009475692209286854,0.0594270482690876,-0.06588865760508912,0.36908132345750455,-0.009475692209286854
precipMM_Rmean=48,0.016124965477062592,0.02207123525186745,-0.03293027389583532,0.21770786065790806,0.4574734085859428,0.17486333898416515,-0.2842023311723831,-0.4348681192771112,0.4438165925165584,0.07478481886513694,0.3851023913040048,-0.03185040805687546,0.22039461976761493,0.07478481886513694
humidity_Rmean=48,-0.22556649364446485,-0.04136295230047244,-0.0020194296681882496,0.5581568426727682,0.5433096586493408,0.15938621721387192,-0.5520786883007536,-0.2937094210488074,0.43844833388781335,0.04322479654989919,0.2918157229352825,-0.0013349992877024453,0.601287056499964,0.04322479654989919
visibility_Rmean=48,-0.02958535280498526,-0.016678841342598668,0.03550842129804846,-0.1671975259348078,-0.3655658189100545,-0.15228969977002624,0.2383084291828632,0.3281245944785055,-0.3945556563987441,-0.06409713403530481,-0.3374237741304493,0.03465584746860582,-0.16396317737099148,-0.06409713403530481
pressure_Rmean=48,-0.0959737431593087,-0.01428093951560791,0.132169034276997,-0.3990730119951154,-0.3396068331428994,-0.20984646327713788,0.08947428582284528,0.8871757763609351,-0.4121565915836445,0.0666236411700188,-0.17556345209799135,0.13158940573689348,-0.37880298207782703,0.0666236411700188
cloudcover_Rmean=48,0.001993231299936943,0.07821403234809572,-0.23555739168279674,0.3028575544987248,0.3703350237461595,0.32161386306094264,-0.3200103134587676,-0.4144171761634689,0.5408295426132668,-0.14662832311697846,0.20224441499066173,-0.2346961514555237,0.3247222609348019,-0.14662832311697846
heatIndexC_Rmean=48,0.27883764344328943,0.028040911673073383,-0.09755582165311216,-0.5949192919326309,-0.3738674332215094,0.023443093979786143,0.4066118446932432,0.18331687782714803,-0.31800572111334274,-0.09517647245126602,-0.08192658831065247,-0.0980302077220998,-0.6170533880385589,-0.09517647245126602
dewPointC_Rmean=48,0.14363584382666422,-0.008018639314125647,-0.2061770581924808,-0.1399814456712386,0.19623457925886692,0.3055253283103524,-0.18303694277103247,-0.1514802883682354,0.16043839602534074,-0.13445032872097867,0.2684344283922869,-0.20604010854575872,-0.10120113988424588,-0.13445032872097867
windChillC_Rmean=48,0.2506974281871265,0.025769073953844392,-0.006444440836871051,-0.5985056149358047,-0.42784871246757344,-0.09213318651705216,0.4662977246565617,0.22553682715999035,-0.3741472532768551,-0.02198682389570257,-0.14243923460684682,-0.006963176494013386,-0.6351011931453826,-0.02198682389570257
windGustMiles_Rmean=48,-0.05449233305462476,0.014190783800154285,0.01437692394122079,0.4682952442254781,0.140263819692097,0.027182163791665933,-0.08740887722876667,-0.3845542381178077,0.3092600297567834,0.07820159264929086,0.12890025898148008,0.015050120362635706,0.4092022867612387,0.07820159264929086
feelsLikeC_Rmean=48,0.27883764344328943,0.028040911673073383,-0.09755582165311216,-0.5949192919326309,-0.3738674332215094,0.023443093979786143,0.4066118446932432,0.18331687782714803,-0.31800572111334274,-0.09517647245126602,-0.08192658831065247,-0.0980302077220998,-0.6170533880385589,-0.09517647245126602
tempC_Rmean=96,0.04821115158241369,0.002904835371823572,0.32338160497155194,-0.2932832932145347,-0.10382584699819128,-0.3678793762718771,0.2863238032154117,0.0649247049098094,-0.3011688470609246,0.2689811659194261,-0.07206894650766331,0.3232414018723326,-0.3220824096250821,0.2689811659194261
windspeedMiles_Rmean=96,0.005449592188168236,0.0084549813052793,-0.1835213635544672,0.4357289624244884,0.17043458798373548,0.20791474837651447,-0.10973138967533606,-0.3004163755143005,0.2446342524000471,-0.15139834993527254,-0.013265374013100323,-0.18325840372908145,0.4367101398992578,-0.15139834993527254
precipMM_Rmean=96,0.02059589751930167,-0.02411922820321889,-0.17050475412031751,0.22457445832328152,0.4387548170037957,0.28906992454905106,-0.2771869600811269,-0.3848419757091483,0.4209645512801529,-0.08750627597762574,0.27083245681805085,-0.16974018246413586,0.2664193835909658,-0.08750627597762574
humidity_Rmean=96,-0.028383468090951807,-0.02785896387497488,-0.3308273535901835,0.21259367426144035,0.24630912861171544,0.4449313600200596,-0.4169250514238295,-0.13225134276929118,0.35634100918932604,-0.24404748975923585,0.2610957645455125,-0.3306125302140221,0.26645215325342303,-0.24404748975923585
visibility_Rmean=96,-0.04679110322734383,0.007524174362889035,0.15137611846657942,-0.2190610023622296,-0.33956709461706724,-0.23921632910317994,0.1878548733468006,0.2841393621419838,-0.3363462121404502,0.0886832370360188,-0.18041264827129813,0.15066545809717058,-0.2489258098622397,0.0886832370360188
pressure_Rmean=96,-0.0563504022516196,-0.0033163776611290804,0.12192615107428467,-0.4200569974785624,-0.3442966864834401,-0.20874368667905396,0.09288123865340514,0.7678154072055514,-0.3977070208899495,0.06564218305664878,-0.1694913569127202,0.12144404803307995,-0.41228943251558603,0.06564218305664878
cloudcover_Rmean=96,0.0016980657157508255,0.02246415147690538,-0.2617261706362464,0.3024577858455757,0.338840849161792,0.35114767004049474,-0.29859272302264633,-0.34860328567483256,0.4595827848700098,-0.18544375049713105,0.18125812160106355,-0.2611757020164277,0.328376809963903,-0.18544375049713105
heatIndexC_Rmean=96,0.0570360731188107,-0.005893970918330729,0.2948446461035261,-0.3065662378431513,-0.03992713584283787,-0.3086048446793307,0.2121276037364752,0.022334615589624254,-0.2537609668502676,0.2618674269290351,0.027721686652868827,0.29471587191898674,-0.3239754356026873,0.2618674269290351
dewPointC_Rmean=96,0.017478262928854016,-0.04150863212561783,-0.13902961947024214,0.03794437507416401,0.3388505341894282,0.2822681742330126,-0.3376026109068703,-0.2098874869526685,0.2649975862651634,-0.054586794404916233,0.3789568075256144,-0.13871560980942285,0.0824363982817413,-0.054586794404916233
windChillC_Rmean=96,0.048596563802404416,0.003636722812543017,0.32360093719935706,-0.2933707321009105,-0.10398648818535668,-0.3681560736551314,0.286359429846666,0.0655545327583638,-0.3009099164307305,0.26922580043328515,-0.07193444936180153,0.3234604395634043,-0.3220598233039377,0.26922580043328515
windGustMiles_Rmean=96,-0.0006674062040028558,0.0018528784320341238,-0.19520286496319092,0.4342433917872123,0.19909185686112651,0.2261544258722279,-0.13405766104993874,-0.2951668548462281,0.2716639825397856,-0.15757653890858211,0.0037805353033502354,-0.19496304437444115,0.4435746632624786,-0.15757653890858211
feelsLikeC_Rmean=96,0.0570360731188107,-0.005893970918330729,0.2948446461035261,-0.3065662378431513,-0.03992713584283787,-0.3086048446793307,0.2121276037364752,0.022334615589624254,-0.2537609668502676,0.2618674269290351,0.027721686652868827,0.29471587191898674,-0.3239754356026873,0.2618674269290351
Expanding Mean 2 statusN,0.7981365121885651,0.09875471576862227,-0.3646108915334688,-0.10155619190841284,-0.00871094343193992,0.3103064408305357,0.07467432605970346,-0.03196067099895842,0.03888525686520481,-0.3728441344265149,-0.2344952839699068,-0.36461786843849336,-0.04836485710465067,-0.3728441344265149
Expanding Mean 3 statusN,0.8144737705034206,0.09952200981649427,-0.3661196006325997,-0.10455828949369024,-0.009832864791430815,0.3116082616531332,0.07600843350521759,-0.03312135432155998,0.03852045204726277,-0.3735655397478476,-0.2343970057865843,-0.36609639769240654,-0.05140188608799463,-0.3735655397478476
Expanding Mean 4 statusN,0.8298219515594387,0.10166227042795838,-0.3666155645697208,-0.10561295739535656,-0.014145044701632794,0.31120308539735025,0.07786252280457158,-0.03412218628162228,0.0357360723056076,-0.3741369961270342,-0.23624602947997506,-0.3665813568031641,-0.052890409667358994,-0.3741369961270342
Expanding Mean 8 statusN,0.8866521495843863,0.10780558353713413,-0.3708312755468984,-0.11391446947127408,-0.024681951532544013,0.3126917339579786,0.08657457182379051,-0.03651441734330764,0.03205971435030798,-0.3771006953171563,-0.2405107182048317,-0.3707800068708434,-0.061215323347340124,-0.3771006953171563
Expanding Mean 12 statusN,0.8991000329170088,0.10648209533022944,-0.3669692013447337,-0.11918539477158507,-0.028070417712385224,0.3113489641692992,0.09569746808382136,-0.04018959692294696,0.035904475208616754,-0.3711807897575215,-0.2314370027979912,-0.36703413643235294,-0.06633941915752578,-0.3711807897575215
Expanding Mean 16 statusN,0.9074259812353028,0.10704327546980018,-0.3793991063703257,-0.13023742716874948,-0.03899149681015369,0.3171223719228617,0.09594516578350556,-0.041163748960818126,0.02230899333977981,-0.3811465924295955,-0.2421757458042565,-0.3795161353287195,-0.07635927934884926,-0.3811465924295955
Expanding Mean 24 statusN,0.8811138795247232,0.0976049894008249,-0.3445124775207804,-0.09248607892213008,-0.009431747660843252,0.29171793084541864,0.07733931888316825,-0.06185501335488903,0.056702284882910216,-0.34573312792102995,-0.21395126336613154,-0.3445258077808184,-0.04476391564701922,-0.34573312792102995
Expanding Mean 48 statusN,0.7941003851148871,0.07727270880142928,-0.36096600324703537,-0.1965280789215764,-0.118303235702698,0.2971528965036996,0.13894082383073536,-0.03039295614080094,0.01127641392117283,-0.3469552133330699,-0.1827004728856428,-0.3612293411963557,-0.16459886981390245,-0.3469552133330699
Expanding Mean 96 statusN,0.7463102168715539,0.07579976143682676,-0.3284182038606526,-0.164494946564476,-0.10541914336920732,0.2635746489814669,0.08744638917865417,-0.04498875806417983,0.029079223318102383,-0.3102616663457756,-0.16173590455673106,-0.3285605150589587,-0.13638610554673594,-0.3102616663457756
Expanding Mean 2 statusS,0.10655354427525963,0.8787594505649742,-0.10491483908616064,0.0036123272273587657,0.009129621228457256,0.08615057836378323,-0.0377506340666954,0.008641074713007119,-0.017028531808742618,-0.10546778935438557,-0.06139509040456562,-0.104737140945039,0.021010606309720254,-0.10546778935438557
Expanding Mean 3 statusS,0.10789620301667904,0.8878505357934747,-0.10569805889696526,0.00397851078490622,0.009677025185934348,0.08722483166364699,-0.038929023212670194,0.007842757478220377,-0.016027555349813913,-0.10581602088184808,-0.06086416882699568,-0.1055223733689429,0.0215204238303934,-0.10581602088184808
Expanding Mean 4 statusS,0.10578617486822764,0.8973346988153208,-0.1035261225598272,0.003502121511350935,0.00886510314315531,0.0850817607336916,-0.03935162164497966,0.008045724417707133,-0.016193103063215777,-0.10405468308525376,-0.060533199603179474,-0.10335238440506003,0.020884809177876912,-0.10405468308525376
Expanding Mean 8 statusS,0.10721763190885618,0.9315326109770752,-0.10321774845861542,0.003997617241990324,0.008731019055767293,0.08391421872656284,-0.04027404867892953,0.007255799763264234,-0.017905099661956716,-0.10336621963956406,-0.062229718868085815,-0.10304296209282722,0.02223937323346085,-0.10336621963956406
Expanding Mean 12 statusS,0.1054037313196057,0.9504960227925799,-0.10174180101447004,0.004118201229502749,0.013561952378768356,0.08172635382128794,-0.047135766295486624,0.0026981769248246106,-0.013791247315158996,-0.10219217976989968,-0.06405870827347505,-0.10154479425946256,0.02206721788645047,-0.10219217976989968
Expanding Mean 16 statusS,0.10433592866829416,0.9489598566397448,-0.09385977723967044,0.002508949565341052,0.007437237289837789,0.07689457018036602,-0.04090876970207344,0.007288513400779433,-0.02030004573224553,-0.09331826200559112,-0.0571927249192111,-0.09382941603503442,0.021753500430311885,-0.09331826200559112
Expanding Mean 24 statusS,0.09788568594350654,0.9098275820313002,-0.08847264928554613,0.013405538252544721,0.004443922532383169,0.0714749623745814,-0.04870722056358732,0.010231913909074521,-0.027039511397724463,-0.0886353123824145,-0.05936060316626352,-0.08823394882037372,0.028552806838920662,-0.0886353123824145
Expanding Mean 48 statusS,0.11936909089409005,0.7732155192461985,-0.11034440221566452,0.042713865125311744,0.013345949266415313,0.09400098337070643,-0.05153709704592371,0.003878492262638118,-0.027668192318528344,-0.108201973730214,-0.05478759853381801,-0.11034411644720653,0.06055026263300579,-0.108201973730214
Expanding Mean 96 statusS,0.1733761464361331,0.6212447312436734,-0.12711255483143907,0.014249019274820815,-0.033861012829221535,0.09993053989592228,-0.012427816799862254,0.001784036188641514,-0.06340234006837138,-0.12340547720449707,-0.056718123224842876,-0.12699955789162484,0.0254422924901787,-0.12340547720449707
Expanding Mean 2 tempC,-0.3219721794063342,-0.09337821416267833,0.9593204060019098,-0.03313783393340304,-0.13463990666375772,-0.8971413765343783,0.22699502046130965,0.023401041480207704,-0.24065595897628306,0.9507450942683636,0.3453450667866666,0.9592699349125656,-0.19265295942750807,0.9507450942683636
Expanding Mean 3 tempC,-0.32678873866039043,-0.09455751642903047,0.9655893078629096,-0.02463894783732636,-0.1261581036690673,-0.9009716720289166,0.2207017928535458,0.0219012089643512,-0.2377819349342575,0.955667578451716,0.34738829474405863,0.9655337684006928,-0.1833567240661066,0.955667578451716
Expanding Mean 4 tempC,-0.325486053304452,-0.094056722143356,0.9650017394459952,-0.022483762265820054,-0.12464735973012207,-0.9003816133605523,0.21939273380440408,0.019967036648514583,-0.2361309151469174,0.9550802060565056,0.3472380924441089,0.9649519368848841,-0.18131647409054752,0.9550802060565056
Expanding Mean 8 tempC,-0.33826078704484946,-0.09600332621058363,0.9790059882796278,0.0018275479519300405,-0.09998083055107074,-0.9086043739534831,0.20098384304309788,0.017337240656388773,-0.2299503635642784,0.9647328439241246,0.34794826832189024,0.9789573012220528,-0.15388195914967656,0.9647328439241246
Expanding Mean 12 tempC,-0.346121807484791,-0.09884384019389324,0.9855366761433128,0.025211616425694885,-0.07681932745700433,-0.9106315526517864,0.18286956480819205,0.01298694347970341,-0.21940213563176086,0.96822574509783,0.3500399969904095,0.9854617907489353,-0.126760060056065,0.96822574509783
Expanding Mean 16 tempC,-0.3520169273840296,-0.0964607330736158,0.9850629938380272,0.03383717090493018,-0.06430504616665045,-0.9089544539931294,0.17636252185492565,0.013787016071647886,-0.221205666411525,0.9637384002221776,0.34199043898158915,0.9850324431319804,-0.1148328177159287,0.9637384002221776
Expanding Mean 24 tempC,-0.36556127724307996,-0.10372525078040733,0.9751172437060188,0.06818537027940767,-0.0277333879318542,-0.8996047128571943,0.1441333695493071,0.01230039858777757,-0.2123856065733668,0.9441117131960044,0.3119883249107433,0.9750366610521308,-0.06514055819073443,0.9441117131960044
Expanding Mean 48 tempC,-0.3561712135757001,-0.09773433679860813,0.8481426189453524,0.17808878702724362,0.12106884222431676,-0.7652910932153293,0.019548237572837995,-0.022114042016651896,-0.14278223910675458,0.8021539933234596,0.2431527260042441,0.8480561212404109,0.0934599846411593,0.8021539933234596
Expanding Mean 96 tempC,-0.33014963112416995,-0.10039441671564356,0.7985425176901767,0.10459083542816194,0.0842019770299069,-0.7268760888716794,0.0764502031167584,0.009646774848463643,-0.2060459395454944,0.7378671852978788,0.2001395611779533,0.7983270573570364,0.034555373949567016,0.7378671852978788
Expanding Mean 2 windspeedMiles,-0.13468959867307082,0.006989175404276634,0.13358084054174585,0.9697110570482421,0.3913203778660996,-0.09675962816961953,-0.2834884957660394,-0.4922558876096826,0.3662420402386334,0.13481644785169308,0.013021211714133802,0.13445338585051372,0.9175175842181116,0.13481644785169308
Expanding Mean 3 windspeedMiles,-0.1345608178946133,0.007410963143178816,0.1267209216434186,0.9748719198896356,0.3946341052691446,-0.08981408572811553,-0.2862051855434195,-0.4918473840603175,0.3658555297699955,0.12671906000096164,0.008949867225687044,0.12759499479858505,0.9247601661556843,0.12671906000096164
Expanding Mean 4 windspeedMiles,-0.13467785702827706,0.0069381480417061644,0.13133935894330792,0.9717099388097008,0.3924396045573879,-0.09453552270487506,-0.2844077291297811,-0.492077127198531,0.3657342257702642,0.13214058818710267,0.011646725659231793,0.1322126618181845,0.9199547904104526,0.13214058818710267
Expanding Mean 8 windspeedMiles,-0.13311610555889336,0.006890555600400646,0.11112028970863297,0.9817380693382216,0.3996933069934803,-0.07477510498787672,-0.2892759990818177,-0.4922534122548493,0.3647666199609331,0.10957462995715107,0.0013833680805981035,0.1119946548582902,0.9351416816108236,0.10957462995715107
Expanding Mean 12 windspeedMiles,-0.13177540693109116,0.00846912213692737,0.08998793943246136,0.9871029005080396,0.4060358344849645,-0.05353390549426909,-0.2954946857134615,-0.4884703993148767,0.3618500841215327,0.08516891258678605,-0.010007279806735957,0.09083930268800644,0.9473425731485888,0.08516891258678605
Expanding Mean 16 windspeedMiles,-0.12817582269007508,0.007888575300383293,0.06678603375504343,0.9874303310309828,0.4092220222149332,-0.03100179542933596,-0.2965364093050084,-0.4873829822591394,0.3619475294885194,0.06008625922775046,-0.02257188160062552,0.0676519300399892,0.9530194407101166,0.06008625922775046
Expanding Mean 24 windspeedMiles,-0.12040341633766025,0.010310228842870915,0.02188329814024377,0.9801006214861616,0.414290091763214,0.010072582015065126,-0.3011526883143406,-0.4813560234096935,0.35294815390513234,0.009627377241847614,-0.05030335483753175,0.02273244104726584,0.958629341632443,0.009627377241847614
Expanding Mean 48 windspeedMiles,-0.11878283250603347,0.008957354543218202,-0.007675634335021096,0.9452368774432708,0.4076325570936543,0.0377423873885472,-0.29551488909295903,-0.4688606645133898,0.3309547678426303,-0.015699359006387782,-0.04597283819455108,-0.006823841615486953,0.9293188054851702,-0.015699359006387782
Expanding Mean 96 windspeedMiles,-0.03905471896931372,0.03658567015102826,-0.17282606814937632,0.8747390079597411,0.3388505641960235,0.18827555025707549,-0.23842556419844144,-0.4359082464273479,0.329658728415314,-0.17494185405932278,-0.09855586118338416,-0.1718822497050867,0.8752160753040581,-0.17494185405932278
Expanding Mean 2 precipMM,-0.06863452942223472,0.014636747620936691,0.043419945813381766,0.420292247788488,0.961061642380394,0.13626246675365253,-0.6702161595835787,-0.4547876963164049,0.5867671224298401,0.11425483637815373,0.38161006299673206,0.04407628805217282,0.47891403242592895,0.11425483637815373
Expanding Mean 3 precipMM,-0.06710554795640733,0.014141474720881406,0.037778156451738105,0.42050494367131785,0.9657504434841984,0.14203253132866792,-0.6709348513175301,-0.4542600333986671,0.5871236372233258,0.1077592035669154,0.3782114603824782,0.038435543426307166,0.4807557971485477,0.1077592035669154
Expanding Mean 4 precipMM,-0.0673217544489647,0.014484366412878513,0.03799330428474604,0.4198840510179784,0.9639143341459656,0.14180577524644872,-0.6724108120230318,-0.4539913360210314,0.5864831660473689,0.10873305040027144,0.37988706996745797,0.0386481251161153,0.4799422549286549,0.10873305040027144
Expanding Mean 8 precipMM,-0.0619255964985186,0.014584413815272009,0.01871994373666265,0.41725308989724863,0.9752664716590488,0.16183010419953675,-0.6771351397968985,-0.4527888347844449,0.586342558105417,0.08943074279668281,0.37550328746658207,0.01937251260743397,0.4818833501089079,0.08943074279668281
Expanding Mean 12 precipMM,-0.05702688096450241,0.013718776968123585,0.005296063444566596,0.41734887736429854,0.9753370536669368,0.1746396504353205,-0.6721224587535608,-0.4500470326894924,0.5852201028368339,0.07252270879890878,0.3620328063983647,0.0058965586482141365,0.4852901129386203,0.07252270879890878
Expanding Mean 16 precipMM,-0.05233003954848794,0.013429577629880922,-0.01632831606872593,0.4107778612797368,0.9789336403713664,0.19836631525866028,-0.6738557871528679,-0.4524359976294064,0.5845863978850683,0.0520868241267552,0.3592833048298733,-0.015668602995525242,0.4828659298908631,0.0520868241267552
Expanding Mean 24 precipMM,-0.03278641341440694,0.008876079240033037,-0.05066460089255502,0.4023604659260173,0.9667223101612126,0.23045828738029905,-0.6610288995055683,-0.4462680688323744,0.5813572190257345,0.016470155412654466,0.3427977060518069,-0.050083067842493535,0.4796656147388579,0.016470155412654466
Expanding Mean 48 precipMM,-0.037026673405911134,0.009840050238300714,-0.0570842689056339,0.35870309350569096,0.9303576243777636,0.24385757065095,-0.6263555459267471,-0.4538190295792233,0.5658546929520368,0.02196197388169578,0.3838833573064195,-0.056526247751407126,0.4307989863987372,0.02196197388169578
Expanding Mean 96 precipMM,-0.013700871091240192,0.012913175627390387,-0.10919765143013983,0.353273237591596,0.8817993324263393,0.28762138023222805,-0.5775794133570327,-0.4702790084412584,0.5460980213776297,-0.03158338711492313,0.34718967981347865,-0.10863181092023354,0.4240720307609425,-0.03158338711492313
Expanding Mean 2 humidity,0.26492449773722,0.07692213186218216,-0.8714266043718272,0.061839736802565576,0.311756127868462,0.9697836791953022,-0.35610343315395826,-0.13108965853204235,0.3063864990664462,-0.8219220181111826,-0.053582206846969016,-0.8712183506497289,0.22038045548677607,-0.8219220181111826
Expanding Mean 3 humidity,0.2684619495462865,0.07775726095008367,-0.8755441401346052,0.0557763686807688,0.3060850032974906,0.9731758186771038,-0.35176170302287485,-0.12972484263103948,0.3043868015157981,-0.8254061328138812,-0.054533566629846916,-0.8753396635586105,0.213895917123484,-0.8254061328138812
Expanding Mean 4 humidity,0.2704017408038201,0.07819240065018987,-0.8786690314304051,0.05010919015315327,0.3006205436123531,0.9757512995832422,-0.347870070578966,-0.1278243909471948,0.3020328719161985,-0.8279507035692869,-0.05500789910822253,-0.8784715710775548,0.2078630953501283,-0.8279507035692869
Expanding Mean 8 humidity,0.2813615692386151,0.0802344670916904,-0.8909074075149832,0.029798639818608395,0.2803694677890008,0.9855609097662924,-0.3326593177080607,-0.12424503323264235,0.297226261061954,-0.8372888885286843,-0.05537061066197934,-0.8907256598630636,0.18543036282262895,-0.8372888885286843
Expanding Mean 12 humidity,0.2871893258909817,0.08161400733982177,-0.8979162282784185,0.008164705768180855,0.2582246883459836,0.9897096310311808,-0.31495962433095176,-0.11678927414539853,0.2880499862348,-0.8426521070724834,-0.05734111560643266,-0.8977358096424406,0.16086011951595905,-0.8426521070724834
Expanding Mean 16 humidity,0.2939481735187069,0.08143119327996723,-0.9001458970742141,-0.003037442896283093,0.2433473137707757,0.9900226954000372,-0.30423309124406844,-0.1176624122031573,0.2868895599003912,-0.8416250599698157,-0.05390080872069633,-0.9000068561146487,0.14612761089074167,-0.8416250599698157
Expanding Mean 24 humidity,0.30690585094798645,0.08772581091885609,-0.8971841159478879,-0.0319457853122518,0.21069266309449364,0.9808892229354348,-0.27847442194347705,-0.11329419725315636,0.28356849866134776,-0.8293261923688726,-0.032437978433364,-0.8970327264169379,0.10648331306054754,-0.8293261923688726
Expanding Mean 48 humidity,0.3171464867878736,0.09083590122198504,-0.8083239315077954,-0.14177635698997773,0.04771532226914417,0.8596520780396587,-0.1440118221260407,-0.08353316388583353,0.219580771250713,-0.7252275319172546,0.002375375443398957,-0.8081838284593851,-0.051587613708620486,-0.7252275319172546
Expanding Mean 96 humidity,0.2916830585253002,0.08899230323684545,-0.7345352256137883,-0.09734567835817937,0.07806280571089018,0.8039656229818919,-0.1879381603435248,-0.11804898156042085,0.2547005974788857,-0.6330551342051384,0.07990108509710499,-0.7343497222639278,-0.023956460366302973,-0.6330551342051384
Expanding Mean 2 visibility,0.06444526106387563,-0.03061106184289945,0.008385908461546248,-0.3456782306015144,-0.7771798292810485,-0.16600115265335266,0.8025613989174455,0.3383325667428876,-0.4654166695894318,-0.057933438649658074,-0.3189524885201964,0.007714776479268842,-0.4047168218259686,-0.057933438649658074
Expanding Mean 3 visibility,0.06385365128386515,-0.031868682986105304,0.012124023762617288,-0.3461382972645358,-0.7883539881258604,-0.17072692963323285,0.8180462185014475,0.34028592145408304,-0.4631548939131632,-0.05328644479372725,-0.3178985510906985,0.011459429394180556,-0.4070531164867218,-0.05328644479372725
Expanding Mean 4 visibility,0.06417306650570763,-0.030709922095346568,0.01004356232867951,-0.3455322626713627,-0.7776262137798363,-0.1677364039647143,0.8050232696962025,0.3377959063565543,-0.4655426215597014,-0.05624331750155416,-0.31843271520897565,0.00937392507251185,-0.4049727125167998,-0.05624331750155416
Expanding Mean 8 visibility,0.061955487156255526,-0.02636736384329896,0.021786720127063043,-0.346785572957898,-0.7975577115968645,-0.1824557061180677,0.8286606792854659,0.3420739133613646,-0.4682442904228444,-0.044496962837512616,-0.31891815112688965,0.0211300223268914,-0.41059178824133263,-0.044496962837512616
Expanding Mean 12 visibility,0.061048881162380074,-0.03317106688584348,0.032751321379482286,-0.3428365209713365,-0.8150757986589855,-0.19278892277519047,0.8410034546111902,0.34367491110725923,-0.456116141908517,-0.030652409682820608,-0.31202022641214616,0.032111718831021284,-0.4102857844829949,-0.030652409682820608
Expanding Mean 16 visibility,0.057166370942006814,-0.022792727066077302,0.05192435371239669,-0.35096781560585905,-0.8167189569201971,-0.2149703757757704,0.8349332296404821,0.3464202180737709,-0.4741008530273329,-0.012635992933121438,-0.3100225529124607,0.05127876376972354,-0.420355993963528,-0.012635992933121438
Expanding Mean 24 visibility,0.05385664440409349,-0.03443263435069591,0.07302006411080741,-0.32976890166641304,-0.822371903853667,-0.2382894911723852,0.8156743015871161,0.3414563189405857,-0.4579789974753541,0.011934492395142623,-0.2991243639850726,0.07240422705672883,-0.4058911465946272,0.011934492395142623
Expanding Mean 48 visibility,0.06613591340972194,-0.02266842571135425,0.07075957829307791,-0.3025163798616203,-0.7977329085221178,-0.2483015565199829,0.7541327976666743,0.3580173926821858,-0.4628577215854354,-0.0008990550810498869,-0.3494207623583958,0.07010253653047506,-0.3706186959351868,-0.0008990550810498869
Expanding Mean 96 visibility,0.04318847312109588,-0.02252082729545991,0.08662867458381136,-0.3025733624772672,-0.7709304214930564,-0.2568435482837184,0.6821447708656645,0.36745211173564135,-0.4665466401836824,0.015629701474822625,-0.3331591757408879,0.08594384926972085,-0.3657807136145088,0.015629701474822625
Expanding Mean 2 pressure,-0.06243682445215298,0.003396743289333125,-0.002894271899003363,-0.4733642796465963,-0.43098752524897216,-0.09070672887270023,0.1775488211605527,0.9897499567725602,-0.4404933233884379,-0.06269418231412037,-0.2048601969203415,-0.0034193642646647717,-0.4454049789853212,-0.06269418231412037
Expanding Mean 3 pressure,-0.06135182296359015,0.0037649299003035095,-0.0022766098407512557,-0.4760046652353493,-0.4332271033698475,-0.09195694282248336,0.1794331172538441,0.9913757642030556,-0.44115753891310544,-0.06197203213533072,-0.20567665007167985,-0.0028008426390147487,-0.4488069204865537,-0.06197203213533072
Expanding Mean 4 pressure,-0.06210920255794095,0.003416500019400301,-0.002648596925654914,-0.4738521623836846,-0.4313735539754627,-0.09105780326454532,0.17791108778850218,0.9901474075892897,-0.4405985041718588,-0.06240645562012375,-0.20491693247326226,-0.003173264385594593,-0.446053025561276,-0.06240645562012375
Expanding Mean 8 pressure,-0.05727076427207811,0.0035102864073720736,-0.000985900059539906,-0.4794801593038608,-0.4353749227543497,-0.09445524495849797,0.1811891144456221,0.9934293234563738,-0.4415146690542924,-0.060116692435799673,-0.20665229313820685,-0.0015131286596215573,-0.4532534162447522,-0.060116692435799673
Expanding Mean 12 pressure,-0.05400278989757239,0.005698607890440095,0.002302016758692197,-0.4843242915632722,-0.4414621608080577,-0.09926582891557026,0.18546080612308846,0.9949659174695769,-0.4433659249057432,-0.05662656672540961,-0.20892980803113653,0.0017796874231218738,-0.4604249262111683,-0.05662656672540961
Expanding Mean 16 pressure,-0.050522704555500335,0.005733331072621553,0.007174806973230453,-0.4863475393555433,-0.4411313556948859,-0.10483929070187864,0.18368613851729984,0.9951897147054304,-0.4422153413602209,-0.050011738723314214,-0.20600444472441687,0.006647916494038361,-0.46396590626888795,-0.050011738723314214
Expanding Mean 24 pressure,-0.033603489700249074,0.010640849872985235,0.009416269597736652,-0.49274716699898,-0.4498837831860625,-0.11083508667919248,0.18767440677299035,0.9936712551465574,-0.4460438734723799,-0.04501833488718504,-0.2094032327617247,0.008872851467683206,-0.4723802298107886,-0.04501833488718504
Expanding Mean 48 pressure,-0.0232993410519733,0.010281811931679515,0.02023532939493804,-0.5085645900359196,-0.4660470882384932,-0.12523203724889514,0.20201169570060745,0.9857130259721988,-0.45418277294135,-0.030608792364421405,-0.20382483748743746,0.019662441956014718,-0.4937767498377745,-0.030608792364421405
Expanding Mean 96 pressure,-0.05075942518014427,2.071713082961777e-05,0.09702272230063476,-0.4721501850438106,-0.4352053835806632,-0.1950906452313199,0.1747554816982483,0.9710519621675088,-0.4553006879130582,0.03990315349333996,-0.19338830076280628,0.09645094473789556,-0.4611973562327187,0.03990315349333996
Expanding Mean 2 cloudcover,0.010966209325067837,-0.017838739206125075,-0.18072484946654732,0.33965239557638943,0.5693321728980544,0.2467167944802015,-0.4060594132724175,-0.44630388150399997,0.9790393053307278,-0.11834029323486332,0.1235443617515385,-0.18001253181012675,0.38739069865490267,-0.11834029323486332
Expanding Mean 3 cloudcover,0.011720958956067843,-0.017767850541697328,-0.18241166875425247,0.3407203385537386,0.5702147442232812,0.24813784233923603,-0.406481720412319,-0.4461871722639365,0.9810951208375346,-0.12026170269905405,0.12211594223038028,-0.1816978904966872,0.3888287617722603,-0.12026170269905405
Expanding Mean 4 cloudcover,0.012501847634085204,-0.01759442240233671,-0.1842081337343612,0.3416965968364133,0.5711690552062179,0.24971287491422284,-0.4068917339720097,-0.44609562759352905,0.9829357786264205,-0.12222229032522675,0.1208945441118744,-0.1834922935068902,0.3901664683192362,-0.12222229032522675
Expanding Mean 8 cloudcover,0.015884177139172388,-0.017349117449592732,-0.19187508536706646,0.3457225082126389,0.5748114291109686,0.2565530659811431,-0.409087542656804,-0.4466687049083979,0.9889220096071616,-0.13051437983361133,0.11655088052150547,-0.191153704043428,0.3957152295362039,-0.13051437983361133
Expanding Mean 12 cloudcover,0.019107767085316654,-0.016511105416988452,-0.1987787163961133,0.3489751234653733,0.5764974278904096,0.2625848089045623,-0.4092713326232363,-0.44519557072711263,0.9925216389500598,-0.1384559923124173,0.11144614303835262,-0.19805522616800134,0.4004896306757385,-0.1384559923124173
Expanding Mean 16 cloudcover,0.02314057647629832,-0.016781791965854425,-0.2101464856873355,0.3547168311525278,0.5801009897141765,0.27290425204232643,-0.412395414071172,-0.44734185820036215,0.992342192532797,-0.14968492700719435,0.10809269561645676,-0.2094280049474937,0.4086219860996265,-0.14968492700719435
Expanding Mean 24 cloudcover,0.031715603170166806,-0.019717551926013013,-0.22377469064870045,0.35669855576570264,0.5806146817969847,0.2856345196572293,-0.4132864661560819,-0.446667857960248,0.9860221780709,-0.16502154490501364,0.09970313602953193,-0.2230472524479024,0.41187163530192267,-0.16502154490501364
Expanding Mean 48 cloudcover,0.03638010902717974,-0.02026630160497135,-0.2233946493149404,0.35042019477604464,0.5954590942879221,0.2929489302976097,-0.41544184651490895,-0.4449966661779999,0.9479221021654036,-0.16215618508260998,0.12376038133843842,-0.222683434059001,0.4056519326319488,-0.16215618508260998
Expanding Mean 96 cloudcover,0.03223441764746792,0.009497085545034615,-0.3042832072369472,0.4034904561344209,0.5318662194010298,0.3590550796408699,-0.38501422840237504,-0.4796326094013855,0.8628012789780711,-0.24002566176045315,0.10212693172600848,-0.303553478450652,0.4589089476629958,-0.24002566176045315
Expanding Mean 2 heatIndexC,-0.3175916006433117,-0.09093837413924602,0.9257777744127498,-0.05029370613838724,-0.07336124942270146,-0.8253434295120993,0.15919312645118927,-0.024666334005469817,-0.1881267201765929,0.960279277602095,0.4869676004760287,0.9257847254950567,-0.2061744666521272,0.960279277602095
Expanding Mean 3 heatIndexC,-0.3226088477097248,-0.09205743243447667,0.9315466430136836,-0.04280806472415287,-0.06674327163400709,-0.8292065406266037,0.15417467405115753,-0.025797117450096243,-0.18628794894642536,0.9654935216408448,0.4889559135788782,0.931553997456932,-0.1982814659391109,0.9654935216408448
Expanding Mean 4 heatIndexC,-0.3231913143140932,-0.0920705555885162,0.9332319161001164,-0.03950501164316006,-0.06287950103769112,-0.830247735224611,0.1512112703002696,-0.02735564877064241,-0.1842642050159465,0.9671075704893448,0.490141892204318,0.9332402517677156,-0.19467207410101856,0.9671075704893448
Expanding Mean 8 heatIndexC,-0.3381539483735249,-0.09492870550357103,0.9500856755341052,-0.01387557700405947,-0.03778456386693373,-0.8408326908363999,0.13271510024483926,-0.0319858007186696,-0.17745782279209266,0.98142369621703,0.4943727807602602,0.9501054869261564,-0.16640323733634296,0.98142369621703
Expanding Mean 12 heatIndexC,-0.3448742714520745,-0.09689124422162404,0.9569810722593188,0.010401896870677984,-0.015200753899303622,-0.8436737154325761,0.11386290671926386,-0.03865200353607575,-0.16604249079050265,0.9863621625574964,0.4969828691018904,0.9569965313907216,-0.13967107957255084,0.9863621625574964
Expanding Mean 16 heatIndexC,-0.3531039170089685,-0.09721642953985572,0.9617698129821278,0.01815185295031014,-0.0017386468098288682,-0.8443397363240799,0.10941520777719928,-0.03655995350506331,-0.16997000059775086,0.9866343640521756,0.4914988302391741,0.9617969948325488,-0.12789855750106496,0.9866343640521756
Expanding Mean 24 heatIndexC,-0.3722694226451553,-0.1075365768725772,0.9612080450685492,0.06157078406296016,0.043413096768244716,-0.8423120256587578,0.07038172183375067,-0.042801473276947305,-0.153250878214065,0.9750440481851324,0.4632136656357328,0.9611935479757856,-0.06978099726119018,0.9750440481851324
Expanding Mean 48 heatIndexC,-0.3638442453105756,-0.10307423061579556,0.8359818737246595,0.1753127183197712,0.19857716616043453,-0.7096748268526994,-0.05653488396375901,-0.06397665834521259,-0.08841134740489301,0.8232904091036968,0.3718142226229909,0.8359585186970675,0.0973589977777905,0.8232904091036968
Expanding Mean 96 heatIndexC,-0.3337700295377479,-0.10803066442310606,0.7876191846900943,0.10366926763874144,0.1616587109725511,-0.6688849208955836,0.004050215474056137,-0.041265203807988704,-0.15685518306273816,0.7587773434624252,0.32866177707427197,0.7874399022559767,0.03963757121607743,0.7587773434624252
Expanding Mean 2 dewPointC,-0.2030379040930048,-0.05279086570753432,0.3114607591686825,-0.06951627963200263,0.2993819875847535,-0.040141022054598435,-0.2516471285359794,-0.2101698831272175,0.0902822868819378,0.4561438850597523,0.9306135535773544,0.311685452393235,-0.10774558032628152,0.4561438850597523
Expanding Mean 3 dewPointC,-0.2088212217038267,-0.05485807649921543,0.3195194446328486,-0.06455495007835503,0.3037566134179596,-0.044867789746141626,-0.2550057260507553,-0.2099237053837588,0.09098387509240956,0.4651193596904326,0.943646743598332,0.3197480161930726,-0.10390290291265276,0.4651193596904326
Expanding Mean 4 dewPointC,-0.20386821023558396,-0.053000433874621146,0.3126025382797661,-0.06864701030119133,0.30035933139697196,-0.04070126166707342,-0.25235787948071897,-0.21014029330372147,0.09055259795371448,0.4573821312503025,0.9334923651438912,0.3128296512715097,-0.10692818893963264,0.4573821312503025
Expanding Mean 8 dewPointC,-0.2115859861737238,-0.054838823192765035,0.3250161910342961,-0.05894849005158116,0.3156062027777522,-0.0450011776637286,-0.2647797511133591,-0.20793666188389232,0.09420066652955893,0.4708065416644294,0.9566070394433952,0.3252217707871396,-0.09663921066459777,0.4708065416644294
Expanding Mean 12 dewPointC,-0.2228375025933018,-0.059367627067831226,0.3399584598849901,-0.043356754535567935,0.3229270657724115,-0.055839715755035414,-0.2682697602729736,-0.20838823940085946,0.09666625291163447,0.4863332147516782,0.9710684199876756,0.3401481938786136,-0.08442983056861544,0.4863332147516782
Expanding Mean 16 dewPointC,-0.22044024284033265,-0.053972727943250184,0.3298476003783953,-0.051769725846718885,0.32596991098889216,-0.042973437420694614,-0.2709805159569395,-0.2055847677530332,0.10436859758007358,0.4758953258309589,0.9666154435882072,0.3301032910454311,-0.09004188287661732,0.4758953258309589
Expanding Mean 24 dewPointC,-0.22730577427326001,-0.053197320742079085,0.2983869125023863,-0.03359951552543325,0.37418723380019203,-0.0001132096705799924,-0.3093787008477009,-0.20746299372774568,0.12058929993839948,0.4410470155909247,0.9601893045398338,0.2985627090500761,-0.0539746023974141,0.4410470155909247
Expanding Mean 48 dewPointC,-0.20580397207141474,-0.04511726682168884,0.2386558887293757,0.02975636926648378,0.4508634376865153,0.053481834597063925,-0.3564260524205449,-0.2201213960782052,0.16573881070075966,0.3654730463402438,0.8652992159403978,0.2387053074669581,0.03360335316113565,0.3654730463402438
Expanding Mean 96 dewPointC,-0.1650343477481571,-0.05293098328579132,0.2896574905755412,-7.165372751513798e-05,0.3753002386659221,-0.013360207697346436,-0.2655685426561592,-0.21408118275043048,0.07330653476153934,0.3963295847429579,0.7792793426413991,0.2894493656569673,-0.010303552373921141,0.3963295847429579
Expanding Mean 2 windChillC,-0.3221209578329548,-0.09334734384197846,0.9593042027319116,-0.03232945226697879,-0.13413892650699386,-0.8970728969417655,0.226484826115824,0.02289947471799656,-0.2399825991439489,0.9508246717235828,0.3455070778530659,0.9593111641645382,-0.19187238563195186,0.9508246717235828
Expanding Mean 3 windChillC,-0.3269914289942138,-0.09454315521476182,0.9655713910452142,-0.023803673047122758,-0.1256190917999689,-0.9008902141651688,0.2201638854407307,0.02136893359665889,-0.23707690555999625,0.9557541847526788,0.3475836727696369,0.9655829774121728,-0.1825462221164042,0.9557541847526788
Expanding Mean 4 windChillC,-0.3256457939065291,-0.09402786224672807,0.9649767486572628,-0.02167994194469671,-0.12413947571926374,-0.9003075260249361,0.2188972222945957,0.019464936359372045,-0.235463441478507,0.9551583181445024,0.3474115145542281,0.9649941683182938,-0.1805371035657869,0.9551583181445024
Expanding Mean 8 windChillC,-0.3385038889137761,-0.09601210167336066,0.97896042654983,0.0025352680440511835,-0.09954143094897147,-0.9084491771205732,0.20052817871658785,0.016903004580084202,-0.2293475873390953,0.96481114049542,0.3482498071653039,0.9789871839608496,-0.15322222686764292,0.96481114049542
Expanding Mean 12 windChillC,-0.3463438884952522,-0.09870855629042978,0.9854761461612368,0.02620404452942248,-0.07609469302825432,-0.9104148859252036,0.18215632066914286,0.012352858444446077,-0.21853820650806466,0.9682987519568621,0.3503875028056387,0.9855066808783906,-0.12581636786471262,0.9682987519568621
Expanding Mean 16 windChillC,-0.3522482568288461,-0.09648616198389044,0.985039794371744,0.03486537881358262,-0.06358084703105192,-0.9087920781112668,0.17568921690317338,0.013073251228478064,-0.2203014210400366,0.9637948237036394,0.3422481158643752,0.9850951605879988,-0.11382576501487653,0.9637948237036394
Expanding Mean 24 windChillC,-0.3657016814001325,-0.1035128967797629,0.9751253649572696,0.06903725886664548,-0.027209259494328283,-0.8993915526345065,0.14364957298001166,0.011721640760310731,-0.2118182638952247,0.9442425301628976,0.3124009239066213,0.9751214720270448,-0.06437070630118102,0.9442425301628976
Expanding Mean 48 windChillC,-0.3563241193681563,-0.09765034966906386,0.8479630566610846,0.17899141575150254,0.12195434719247318,-0.7648131726263736,0.018753022592337125,-0.02282433012464725,-0.1420245049263392,0.8021029974893737,0.2435732910538076,0.8479558386249471,0.0943681216784324,0.8021029974893737
Expanding Mean 96 windChillC,-0.33014845298405104,-0.10035704815841832,0.7985417494952113,0.10521994300864028,0.08481335624528287,-0.7267272434242291,0.0759525072653106,0.00910890019645326,-0.2053575163215332,0.7378996796059848,0.20029310442230194,0.7983810554047014,0.03520162223954188,0.7378996796059848
