statusN_Rmean=12,statusS_Rmean=12,tempC_Rmean=12,windspeedMiles_Rmean=12,precipMM_Rmean=12,humidity_Rmean=12,visibility_Rmean=12,pressure_Rmean=12,cloudcover_Rmean=12,heatIndexC_Rmean=12,dewPointC_Rmean=12,windChillC_Rmean=12,windGustMiles_Rmean=12,feelsLikeC_Rmean=12
0.34019819896531545,0.016935933202515494,-0.23614964094359098,0.0025939253967664764,0.09149743948067202,0.2274254477380639,0.001557310562303286,-0.027776546641121582,0.0708173585104252,-0.2618167476729255,-0.13641734239153405,-0.23608134712052475,0.06720316896690598,-0.2618167476729255
0.03401674232825125,0.39679754066857625,-0.08052325814532993,0.02285506467586885,0.01801943762931815,0.07152671561883904,-0.024697983927742685,0.007624270580073198,-0.019264320819371676,-0.08721176382376022,-0.03519262772254717,-0.08035247641495308,0.03644541012849314,-0.08721176382376022
-0.04465338024745288,-0.03211620404005959,0.5693263910123945,-0.35000218861444404,-0.403813514869903,-0.590810360289912,0.36475862534975795,0.1044136957112144,-0.3261925515517416,0.583292383883011,0.17582123592152776,0.5691218075195159,-0.4815770678213999,0.583292383883011
-0.11600120218101741,0.019878728061694936,0.1895339224120938,0.7431763935541522,0.2704686486587485,-0.14930314748819665,-0.1464323255475468,-0.475444571487353,0.3552969710390578,0.21716039630012546,0.08765293534347753,0.19017095641778697,0.6577272153009512,0.21716039630012546
-0.11788447921632668,0.020501336338041333,0.1948851341916034,0.3556016364600374,0.73444065869371,-0.01938520496322985,-0.5587558440406973,-0.4524618720600669,0.547558031348613,0.2739202082640302,0.4538739669168871,0.1955388900565711,0.3595869244492445,0.2739202082640302
0.020164339925907236,0.02238400737687825,-0.5079901360397823,0.36432444128123165,0.5544921701152015,0.6396142946714503,-0.5087182742449713,-0.21309083498229364,0.39031143091770365,-0.47568367154043395,0.07098423052291768,-0.5075347366808444,0.4887312239502716,-0.47568367154043395
0.10054489477025033,-0.0519714371689636,-0.12121181900901083,-0.29444562570102034,-0.615499409901242,-0.024668681745050686,0.5579047713319037,0.32672102202544073,-0.44314610061721205,-0.19145376872319073,-0.3687973003400243,-0.12182526730010779,-0.3044140876633257,-0.19145376872319073
-0.06157746071569516,0.0005493805046338565,-0.0005464120817166675,-0.386182712929816,-0.35300087134321567,-0.09118840151849121,0.17304528646510153,0.9395947164666085,-0.4194715926184212,-0.05448702148921736,-0.2082441204751176,-0.0010823119543654143,-0.3544577862239395,-0.05448702148921736
-0.0019680321727777745,-0.018730343107289583,-0.13172382979273256,0.2784078317358448,0.49979969554490955,0.20899172623528417,-0.3887340539077722,-0.44968840526884885,0.7959747608946421,-0.061060329512808195,0.1950594577924245,-0.13114475859993827,0.31053318068232155,-0.061060329512808195
-0.021600914819185215,-0.026869468393734722,0.5019691414171442,-0.36605224800712755,-0.34298611910732935,-0.4926060757144,0.2995226444737437,0.06699400459970584,-0.27902159838372614,0.5432366034570797,0.272850295984469,0.5018553741111986,-0.4897951660848661,0.5432366034570797
-0.0018339338634449417,-0.006598125488384873,0.08545326504330837,-0.1466508098540894,0.18968936169168474,0.09382294484352213,-0.22616868121691566,-0.18253872332421028,0.07658936498748059,0.2038636266884942,0.598726968271135,0.08572832146106875,-0.17372731944766606,0.2038636266884942
-0.044683825186984945,-0.03190019814249135,0.5691232881457317,-0.3492303160585185,-0.40340501870778234,-0.5906770591049211,0.36443000537195375,0.10385012724557639,-0.32562159606402896,0.5831203570784008,0.17564162422994853,0.5689461378285812,-0.48082814269581287,0.5831203570784008
-0.13130945158116997,0.02328094395932113,0.17645358435457853,0.7932653523665313,0.3896525950675962,-0.12123361434190297,-0.24360707926361574,-0.4811201392893435,0.42962656043319764,0.2039144080303807,0.10155209410446076,0.177143699168698,0.7347180486049486,0.2039144080303807
-0.021600914819185215,-0.026869468393734722,0.5019691414171442,-0.36605224800712755,-0.34298611910732935,-0.4926060757144,0.2995226444737437,0.06699400459970584,-0.27902159838372614,0.5432366034570797,0.272850295984469,0.5018553741111986,-0.4897951660848661,0.5432366034570797
0.3901137777915651,0.027268386817263925,-0.26082119946996185,-0.015085579562340152,0.07822725854816753,0.2459761183554559,0.011612159660703482,-0.024210104920712686,0.06750454516947346,-0.285950259319689,-0.15502654082395778,-0.2607099127235058,0.0503789545173648,-0.285950259319689
0.04749408494064285,0.4489636441766996,-0.0846560928345352,0.019992145834740203,0.016952782627233286,0.0748112643575338,-0.02224566670129621,0.009222906654148174,-0.018966256248089192,-0.09040084327657516,-0.037992548031232774,-0.08445881210337851,0.03396077267193175,-0.09040084327657516
0.45090039339724636,0.03876826814677915,-0.2850111141106728,-0.032188496436811306,0.06548862849544311,0.2641104430594192,0.02035588914197711,-0.02138891675485912,0.06496169675258898,-0.3095207307298808,-0.17382143246804413,-0.28486427671933884,0.03391948897849458,-0.3095207307298808
0.06007466579622,0.5057147686444787,-0.0884498653466942,0.017148452400580046,0.01617196811527859,0.07790447091216758,-0.0206191388562952,0.010008410517466476,-0.018768989591394898,-0.0931320670719848,-0.04045987352097217,-0.0882374444604252,0.0314542708806614,-0.0931320670719848
0.5238794486960981,0.05163956600596728,-0.30712656673679917,-0.04767674392008105,0.052045636804012134,0.2803048342820895,0.028776373059832827,-0.019606720012934488,0.061952189350824534,-0.3305327648412431,-0.19028165838504688,-0.3069541733987137,0.018560586348610793,-0.3305327648412431
0.07228944925870671,0.5650560466068608,-0.0919002945217473,0.015069145031251499,0.01506020519975907,0.08067881378656343,-0.019296715665132604,0.01102302547743185,-0.018100992148633803,-0.09575219593470188,-0.04363193935488057,-0.09166036992924265,0.029446915285818838,-0.09575219593470188
0.7953789505002535,0.09453352976335605,-0.3732433416970858,-0.10118697989715712,-0.0024259662593418825,0.32612005889984014,0.0625718885576079,-0.026306763389946895,0.04708212715574213,-0.3878124512783124,-0.23757743089369793,-0.37318683537983893,-0.03709026855902245,-0.3878124512783124
0.10686886469065847,0.8170996360666718,-0.09970989175371262,0.012553883215425837,0.015260241623112503,0.08791024118667669,-0.01759720057917109,0.010821773759839332,-0.013303597681652094,-0.10068261986688024,-0.05415481740154957,-0.09945542684879824,0.026933013978324365,-0.10068261986688024
1.0,0.1157798290932948,-0.3786543780103598,-0.13749302968266092,-0.05412410501525595,0.3217366568394928,0.09960321521662764,-0.041074176792851316,0.030163462021555006,-0.38158972891567394,-0.24089095310625597,-0.3787580584988153,-0.0800971397832225,-0.38158972891567394
0.1157798290932948,1.0,-0.09636764337036786,0.014447102663714425,0.021558227282578106,0.08654734540577903,-0.022788314775079303,0.008490332989397302,-0.012243471649583344,-0.09483598653535326,-0.054965525820870095,-0.0962771528210532,0.02874377293781914,-0.09483598653535326
0.4628363217750234,0.03422433108129662,0.007122193127923908,-0.10219718840877899,-0.11938265532468643,-0.02185957403710787,0.1320204450043297,-0.06091342527607304,0.009897595653462942,0.03021920046318682,0.023186429109431157,0.00717697421731722,-0.1285284455682899,0.03021920046318682
0.05126564937182471,0.41630772827276313,-0.026468187542225744,0.044030421974195995,0.045166063633814854,0.0221413272464857,-0.056926707450724666,0.0005686201173351447,-0.005375734907475884,-0.021011038829491506,-0.007738084765099425,-0.02610092268489502,0.04624783966201174,-0.021011038829491506
0.1342387774692776,-0.04318111643919542,0.31048312115175114,0.04529213988538983,-0.022326837567696083,-0.2933284383469356,0.04900820052535769,-0.10134731873015615,0.044894171039971016,0.3349545828335844,0.16178517657592828,0.3107914244867586,-0.024353581528486146,0.3349545828335844
0.041829767610163535,0.2108832208945094,-0.004984065277571426,0.07030396576022795,0.05489239392745973,-0.0030299970319458734,-0.050375018425381404,-0.009962607390692328,0.026871114947344628,0.0014127247738934627,-0.003044618348380639,-0.00444887424035304,0.07058819705178179,0.0014127247738934627
-0.09967988954056461,-0.08596193261509472,0.289301966976465,0.28553963436924035,0.22038590476476344,-0.23468273280083446,-0.1536457702122361,-0.175399133618296,0.10286306932702732,0.2868193032012098,0.14501930370655822,0.2898023937351233,0.2671914377572442,0.2868193032012098
0.07002948219148195,0.04891171030762742,-0.042902023240207504,0.07711574635190337,0.03597135454098021,0.03634316166849571,-0.0038662476141107143,0.0026936224282716674,0.03474030544778597,-0.0427050132902483,-0.03459400698292562,-0.04228726506586678,0.08277344172072862,-0.0427050132902483
0.10945523560334357,-0.00975784520203926,0.009617953591399128,0.13479644099309382,0.07656124498138764,-0.0029271248826956025,0.0011194542714916716,-0.18737110715438282,0.04662928405665484,0.004166344496361963,-0.023621541179040598,0.010173129495442867,0.12896789729807281,0.004166344496361963
0.04161053414143718,-0.03426733386426393,-0.046755549502499105,0.06887428911897514,0.04450457200690763,0.06361963432647048,-0.022158142779731868,0.012457794954352121,0.027014850788099808,-0.05326388971792195,-0.032843654990311145,-0.04637131148911815,0.07284330922811286,-0.05326388971792195
-0.08818882100309323,-0.04015521320666613,0.6356246384827594,-0.3124429186388849,-0.37714038907869574,-0.6453674903954202,0.344977851589328,0.09327865104609075,-0.3175798441476192,0.6483862901537664,0.20713556216273082,0.6354488295231007,-0.4509986659589184,0.6483862901537664
-0.12188456465749155,0.012158129880355455,0.2025349683999023,0.7769370101094663,0.2926894515376719,-0.16274798002468016,-0.15925807171240458,-0.4809671345014573,0.36225869809131794,0.22454860183894032,0.07741540865454473,0.20320164372410393,0.695393269343293,0.22454860183894032
-0.13704005086866372,0.027045604785724577,0.1615856583438894,0.383703842796149,0.7487301880755133,0.006770972027103243,-0.6062977800968898,-0.38811461910500045,0.543383187921598,0.2419877392008018,0.4353906423174962,0.16221910562617595,0.39069613510804113,0.2419877392008018
0.0589431318579628,0.03092898726081503,-0.5674252526325418,0.32960542728380676,0.5317752436073521,0.6951434787288481,-0.4911539575441599,-0.20215709692535525,0.38168588189993,-0.5335999933312129,0.04944163392265458,-0.5670012277037024,0.4612861273069226,-0.5335999933312129
0.03911567301286181,-0.019326605937142378,-0.1755117531114942,-0.2744892188031962,-0.5820437739245932,0.04276414077628572,0.4256091412092372,0.42294275184873686,-0.41131748767064386,-0.21786446731759523,-0.29079000512726055,-0.17610292441931047,-0.28950464650784435,-0.21786446731759523
-0.0627358448628217,0.0005130198764718034,-0.003920943294505458,-0.3968700309144238,-0.3596807761908351,-0.08713525018132022,0.18037453325387034,0.9474123092890627,-0.42319845629759634,-0.058041830781447694,-0.2066249483860571,-0.004458171787651199,-0.3655381245237125,-0.058041830781447694
-0.0024940900838704766,-0.020030262914169955,-0.13374916389295777,0.28609535617329523,0.5109163706331602,0.21100638994951285,-0.39521019764265575,-0.4495893009009743,0.8235763184000222,-0.06440678224491056,0.1885515318791257,-0.13316922101643125,0.32011380444800996,-0.06440678224491056
-0.06565749761687797,-0.03513141882036795,0.5711914234765714,-0.32989860583924147,-0.316911501293099,-0.5492304938799392,0.2791902989011586,0.05553251389559295,-0.2713652370563264,0.6132988309125484,0.30955214619840155,0.571111714582845,-0.4613332124324144,0.6132988309125484
-0.030421347570136717,-0.012844092045927881,0.11832680361753639,-0.13903101575011056,0.2021557030477557,0.07426345079028746,-0.23743613256039725,-0.188149056241215,0.07822857620962859,0.24277030551014916,0.6474681012356875,0.11859751005863635,-0.16875634153029878,0.24277030551014916
-0.088257140350449,-0.040009006202124026,0.6354609512582732,-0.31166048432663146,-0.376719281122052,-0.6452539095435336,0.3446338944104836,0.09271533922698857,-0.3169993582850676,0.6482524823085011,0.20698760383196604,0.6353084760085941,-0.4502373914390402,0.6482524823085011
-0.1341955650116419,0.026324917287770824,0.16461510050233907,0.8250823409166996,0.40836985524401864,-0.10830583335984655,-0.2664541287520964,-0.47882757696794725,0.43350722978558726,0.1899199819245356,0.0937730355347147,0.1653148170564954,0.7717790341862517,0.1899199819245356
-0.06565749761687797,-0.03513141882036795,0.5711914234765714,-0.32989860583924147,-0.316911501293099,-0.5492304938799392,0.2791902989011586,0.05553251389559295,-0.2713652370563264,0.6132988309125484,0.30955214619840155,0.571111714582845,-0.4613332124324144,0.6132988309125484
-0.13188330389374425,-0.04717586481927868,0.6965733219321014,-0.2761658811182533,-0.35182119682572954,-0.6939682650316706,0.3223824428643355,0.08971738315183315,-0.3129782696056939,0.7090038402098796,0.2397451435983909,0.6964565005594511,-0.4212165503421068,0.7090038402098796
-0.13609546695780386,0.020853310595578798,0.19028470503824396,0.8143724889971116,0.3071979684819318,-0.14640812245917645,-0.18666610969580233,-0.4722615937779319,0.3604016549884727,0.21428796379113302,0.0824991499244452,0.1909577234408093,0.7329867546087733,0.21428796379113302
-0.123584892442827,0.011827940426464937,0.14685552896971268,0.36924510452741105,0.7916264706624488,0.03840472042686043,-0.6575968738186916,-0.4150385592701944,0.5606259778371941,0.23074837540586546,0.45911740230394354,0.14743487526143836,0.38792383502686517,0.23074837540586546
0.09615161178920095,0.03923729324570397,-0.6246021512507287,0.296547731976472,0.5067861973853256,0.747780676766902,-0.47128879590842876,-0.192243109927902,0.37412054910689313,-0.5891006211420667,0.028135505414726206,-0.6242107587169743,0.43416704403049,-0.5891006211420667
0.14434233035028987,-0.06257182751313291,-0.020433946301631468,-0.30331246690430735,-0.5679869559890723,-0.09028298836855911,0.632432149070174,0.17082223169928534,-0.40455784104628734,-0.09225071630041613,-0.30244598242955617,-0.02102166184466964,-0.3201526298421283,-0.09225071630041613
-0.06353714594510318,0.0006758649467512981,-0.006334324737407298,-0.4075106515660439,-0.36651784857925723,-0.08426371730936107,0.18776156379720513,0.955138896150803,-0.4266736904684887,-0.060628011340569,-0.20531585304799221,-0.00687087114874291,-0.376845372592657,-0.060628011340569
-0.0021536249250811855,-0.020263842823946242,-0.1365084878896013,0.2947792320024252,0.5211962196000461,0.21320233072531852,-0.39976202997303273,-0.4498795948021734,0.8508044538660637,-0.0687918062984913,0.18000450078177557,-0.13592390777099625,0.33068524544449235,-0.0687918062984913
-0.1090367527788116,-0.04437746821876798,0.6386331626249664,-0.29202328807353456,-0.28762173790152545,-0.6047087842032934,0.2601922482831847,0.04076680493946386,-0.2587249280493673,0.6797795042245798,0.3410389533203208,0.6385718890078149,-0.42971183732156143,0.6797795042245798
-0.05952436392547065,-0.019158613640161727,0.1510898175131719,-0.13057257296839436,0.21492702682280915,0.0547276566417972,-0.2489812529439045,-0.1929290277275628,0.07988152232584353,0.2811338724341783,0.6962410081868782,0.1513557236861919,-0.16289201159515182,0.2811338724341783
-0.13199829546435843,-0.04700135625619883,0.6964037851661931,-0.2752251571358358,-0.35131214986839504,-0.6938040220877042,0.32199979256083494,0.08900138024679045,-0.3123067897939621,0.7088845880941624,0.23967070848839597,0.6963020924340586,-0.42030494973470023,0.7088845880941624
-0.13303528539433773,0.026761163923398907,0.15228310042030588,0.8557275263535998,0.4246927216738423,-0.09712805895109253,-0.27950181702251364,-0.4802429880566077,0.4351325925057119,0.17394239259122873,0.07942039424922807,0.15299032473970528,0.8086680858644647,0.17394239259122873
-0.1090367527788116,-0.04437746821876798,0.6386331626249664,-0.29202328807353456,-0.28762173790152545,-0.6047087842032934,0.2601922482831847,0.04076680493946386,-0.2587249280493673,0.6797795042245798,0.3410389533203208,0.6385718890078149,-0.42971183732156143,0.6797795042245798
-0.1719919258014241,-0.05559302581881132,0.7554666304035919,-0.23623661883696498,-0.3201532628940112,-0.7410587996967543,0.3009660645756991,0.07696441250314312,-0.3019349728882679,0.7652992414398445,0.26555004509410446,0.7553724273242136,-0.3857696354005189,0.7652992414398445
-0.13558474606043508,0.014688390738658767,0.20053590555306108,0.8495796571215135,0.32536866000758585,-0.1609052493423146,-0.18061124407640264,-0.49530375274103017,0.36801044865136845,0.21520370948875941,0.06046398205619322,0.2012357502597212,0.7724001485072696,0.21520370948875941
-0.11385053843265673,0.019264956461116495,0.16449287620442152,0.3926355607233062,0.8305368895984809,0.018748297011892984,-0.6384675623293617,-0.4577000711077228,0.5715007013316316,0.23960599522077905,0.442913784497514,0.16516147038252169,0.4148665082339942,0.23960599522077905
0.1315841067614517,0.04694326651395381,-0.6776990689652798,0.25968110736524475,0.47933523424478386,0.7966592639453866,-0.45112679944512246,-0.18033549545491676,0.36396096084657864,-0.6399116398129323,0.010297472157400043,-0.6773325272046163,0.40241880992140794,-0.6399116398129323
0.14193020523195957,-0.06656395663698374,-0.008336508151173318,-0.29442929501081455,-0.6136020854199912,-0.11857071839839471,0.706190263907667,0.19306097433647515,-0.4064697929778551,-0.08778239175241573,-0.34616548465917873,-0.008853792340741578,-0.3163037302174642,-0.08778239175241573
-0.06380655469398519,0.0011249443054480231,-0.007548335113389073,-0.4179262213421951,-0.37310663967462954,-0.08278044068659854,0.19492393453569132,0.9629114811140213,-0.42993130123095075,-0.06195121054978472,-0.20412554049438797,-0.008083601666774794,-0.38828572434512504,-0.06195121054978472
-0.0015163069397146844,-0.02004621139749327,-0.14193554440305398,0.3029629962028488,0.5315665135830466,0.21843182651938287,-0.40606888542803204,-0.44878586722800357,0.877312182197833,-0.07536882827369701,0.1727616946202134,-0.14134144116851735,0.34104403289229035,-0.07536882827369701
-0.15182515376186992,-0.05206959628328987,0.6994898930093428,-0.25346523185331393,-0.2570326927600373,-0.6523617131758088,0.23608838442188038,0.030139624209415003,-0.24777382328990477,0.7410432204628848,0.37525721666786005,0.6994563777442196,-0.3968629373536084,0.7410432204628848
-0.08862653236149869,-0.02505165725157367,0.18297227006529052,-0.12124672695214377,0.22834724251863042,0.03600630253893501,-0.26046528534433194,-0.19674993171626312,0.08179219000403705,0.31826091866749384,0.746293915325368,0.18323564164564457,-0.15623049751465778,0.31826091866749384
-0.1721019512057129,-0.05550905005032855,0.7553477522294001,-0.2354215929816386,-0.31969663673870746,-0.7409606586525572,0.3006005453102567,0.07639206495493883,-0.30130647891003315,0.765219950314889,0.2654617812004779,0.7552703594702023,-0.3849742835827561,0.765219950314889
-0.12667818673710957,0.02596694161304517,0.14165058520511473,0.8841285918506121,0.4399063142036318,-0.08934493168495528,-0.28339307527182495,-0.4914903961282051,0.43663191811562224,0.15754277169784667,0.05835465756933443,0.14236700696518417,0.8444802507473784,0.15754277169784667
-0.15182515376186992,-0.05206959628328987,0.6994898930093428,-0.25346523185331393,-0.2570326927600373,-0.6523617131758088,0.23608838442188038,0.030139624209415003,-0.24777382328990477,0.7410432204628848,0.37525721666786005,0.6994563777442196,-0.3968629373536084,0.7410432204628848
-0.3054540639767012,-0.08268997803259973,0.9346588541827108,-0.08223307524390032,-0.1872009130104373,-0.876401490801112,0.2062186639867105,0.04109115209103096,-0.2566001833170435,0.9298186180684683,0.33781318684997946,0.9346164030701967,-0.23799554216881358,0.9298186180684683
-0.14999220386295084,0.015527811140633395,0.15009612910623815,0.9583504334509217,0.3875983843014396,-0.10523789320529649,-0.2433591000211685,-0.48738684573958063,0.3694523690393963,0.15454187212052786,0.028845222312321114,0.1508624927172237,0.8983397468806921,0.15454187212052786
-0.08786705652858548,0.01891131177926584,0.07746073009933822,0.4127905337012052,0.9390385740447923,0.11175934846177116,-0.7269481904167268,-0.4586013466211657,0.5943790861858332,0.14805832517427994,0.4113215575688237,0.0781174961969808,0.46516297731451867,0.14805832517427994
0.24999278704323208,0.0723922215806248,-0.8425733674782921,0.11724763030582258,0.36069514991126966,0.9461653968858105,-0.36008150890943186,-0.14134003040332893,0.32471787236852057,-0.7934058698866773,-0.03924926647124432,-0.8423336272279675,0.26838974046708897,-0.7934058698866773
0.13094651821398817,-0.05380477388814591,0.04808954843040721,-0.32251664459031765,-0.716046888087774,-0.18000421475566936,0.8744382203119668,0.22521179310859116,-0.4314885057365271,-0.02718821842012052,-0.3278934152769777,0.04755821904997856,-0.3695179018436725,-0.02718821842012052
-0.0573327289750774,0.003873397891232925,-0.0023169348440471227,-0.45448618966882326,-0.39726094130510303,-0.08876765588336408,0.2209340092701785,0.9888690865197413,-0.4395688624846205,-0.0560399187820034,-0.2024531094339796,-0.002838496523109251,-0.43166380418438965,-0.0560399187820034
0.010406857068629864,-0.01614284924157804,-0.17016277999278243,0.33481408796661516,0.567165990323587,0.2452861910188955,-0.42335934997753344,-0.4483662807650111,0.9655267964086106,-0.10891423187454596,0.14084620497219627,-0.16952232085739483,0.3825860670858341,-0.10891423187454596
-0.2959215043225999,-0.0794903735672906,0.8938191814810086,-0.09850812318293789,-0.12389256623890348,-0.7996688113241343,0.1367430899749184,-0.007632293536266639,-0.2018353937406066,0.9308354003097596,0.47314799718219863,0.893853591673706,-0.25184701702699325,0.9308354003097596
-0.18838888337885928,-0.04547592853259507,0.29127131607229884,-0.07664439883266284,0.28762681038424087,-0.024029803312670142,-0.30380499542807987,-0.2039972882516987,0.09398444299918839,0.44190438319088265,0.9215428521098935,0.29154384691593643,-0.12006990281206079,0.44190438319088265
-0.30561888837351653,-0.0826574537396265,0.934598224936409,-0.0814319047170272,-0.1867699786917665,-0.8763191908729849,0.20584060180257083,0.04060255515748525,-0.2559633490088972,0.929844382085372,0.33791622208988426,0.9346123074607412,-0.23722646592354718,0.929844382085372
-0.10860845133947447,0.027038852505069644,0.04617372639880109,0.960024122859662,0.48774364143893123,0.0021140650586332433,-0.32611683820066517,-0.48573892130605656,0.4375464351438636,0.04806944320086605,-0.004699627005498372,0.046906872230741546,0.9570577939295911,0.04806944320086605
-0.2959215043225999,-0.0794903735672906,0.8938191814810086,-0.09850812318293789,-0.12389256623890348,-0.7996688113241343,0.1367430899749184,-0.007632293536266639,-0.2018353937406066,0.9308354003097596,0.47314799718219863,0.893853591673706,-0.25184701702699325,0.9308354003097596
-0.3786543780103598,-0.09636764337036786,1.0,0.052382954389184014,-0.05194207641608514,-0.9124859393980579,0.1084233549932641,0.01568524038790915,-0.2108457810939582,0.97610016970549,0.345205379875648,0.999957281033384,-0.08782478034409026,0.97610016970549
-0.13749302968266092,0.014447102663714425,0.052382954389184014,1.0,0.4222063936396051,-0.008748841441450949,-0.26817753433665265,-0.47868844092777346,0.35922948458521764,0.04389836628695598,-0.023977301196020033,0.05317348444537921,0.9668974460704142,0.04389836628695598
-0.05412410501525595,0.021558227282578106,-0.05194207641608514,0.4222063936396051,1.0,0.23556980249042936,-0.7642703294002081,-0.41501690904236427,0.5888831613597285,0.014639336956617448,0.351922428117073,-0.051392564011799056,0.49978726495890696,0.014639336956617448
0.3217366568394928,0.08654734540577903,-0.9124859393980579,-0.008748841441450949,0.23556980249042936,1.0,-0.26137326169433805,-0.11023367597296452,0.2851284049514231,-0.8494154402180706,-0.0487817579212954,-0.9123474998743996,0.1306737326907298,-0.8494154402180706
0.09960321521662764,-0.022788314775079303,0.1084233549932641,-0.26817753433665265,-0.7642703294002081,-0.26137326169433805,1.0,0.23812506855024712,-0.4342854615102209,0.03295059781874761,-0.34495085264138153,0.10798943403969141,-0.339609908741194,0.03295059781874761
-0.041074176792851316,0.008490332989397302,0.01568524038790915,-0.47868844092777346,-0.41501690904236427,-0.11023367597296452,0.23812506855024712,1.0,-0.44594455659694116,-0.035125044928394036,-0.2032746856951975,0.015170010329507435,-0.46493761192251576,-0.035125044928394036
0.030163462021555006,-0.012243471649583344,-0.2108457810939582,0.35922948458521764,0.5888831613597285,0.2851284049514231,-0.4342854615102209,-0.44594455659694116,1.0,-0.15392273356580743,0.11555628641859172,-0.21019588842456804,0.4178624781248476,-0.15392273356580743
-0.38158972891567394,-0.09483598653535326,0.97610016970549,0.04389836628695598,0.014639336956617448,-0.8494154402180706,0.03295059781874761,-0.035125044928394036,-0.15392273356580743,1.0,0.49750538255637394,0.9761613218229069,-0.09690273874112125,1.0
-0.24089095310625597,-0.054965525820870095,0.345205379875648,-0.023977301196020033,0.351922428117073,-0.0487817579212954,-0.34495085264138153,-0.2032746856951975,0.11555628641859172,0.49750538255637394,1.0,0.34545611497866163,-0.06712677376349004,0.49750538255637394
-0.3787580584988153,-0.0962771528210532,0.999957281033384,0.05317348444537921,-0.051392564011799056,-0.9123474998743996,0.10798943403969141,0.015170010329507435,-0.21019588842456804,0.9761613218229069,0.34545611497866163,1.0,-0.08707647408831395,0.9761613218229069
-0.0800971397832225,0.02874377293781914,-0.08782478034409026,0.9668974460704142,0.49978726495890696,0.1306737326907298,-0.339609908741194,-0.46493761192251576,0.4178624781248476,-0.09690273874112125,-0.06712677376349004,-0.08707647408831395,1.0,-0.09690273874112125
-0.38158972891567394,-0.09483598653535326,0.97610016970549,0.04389836628695598,0.014639336956617448,-0.8494154402180706,0.03295059781874761,-0.035125044928394036,-0.15392273356580743,1.0,0.49750538255637394,0.9761613218229069,-0.09690273874112125,1.0
-0.23535063104309212,-0.07296530614555302,0.5246193395425948,0.15560059662274783,0.1702158813687429,-0.46049633504680865,-0.06875756257924477,0.03151254298994666,-0.15389297013406816,0.4516113532051315,0.05550761959479257,0.5243727972455132,0.15545410886967043,0.4516113532051315
0.030434793996560006,0.037590564322487106,-0.38577109646211394,0.7316110751161123,0.34396701735560464,0.40167561960537046,-0.20495351484815763,-0.3861108273637676,0.27720434107496306,-0.3996042755435574,-0.16624228739950447,-0.38504672510543525,0.7806910841834742,-0.3996042755435574
0.129448888728092,0.019835791336008518,-0.37874368239327244,0.24001356794498624,0.7474630127920158,0.5466791868675188,-0.5733305645127855,-0.4014471044167422,0.5168501258114104,-0.3112761847283885,0.22599006039574748,-0.37825180593369256,0.361427097491929,-0.3112761847283885
0.23905806098835505,0.07338585420415872,-0.5471614590094296,-0.11562282433287194,0.0051936748930088055,0.6034212965785491,-0.07265235168975996,-0.11029889985008112,0.23242372443773357,-0.44282426950374654,0.13225752960914802,-0.546975694674215,-0.09959233891159532,-0.44282426950374654
-0.044936779667567074,-0.03505150366949155,0.4012034018678987,-0.2252680439012807,-0.5761035700748067,-0.506941189715521,0.5542675768377755,0.23961899984072013,-0.4130771528497,0.3537202822118711,-0.10080379827026938,0.40058322383752437,-0.3250450811038796,0.3537202822118711
-0.042502811511241925,0.005173411031750481,0.1292325695792919,-0.4688455987010977,-0.4218395370265063,-0.22433346970682105,0.22749660149158418,0.9499067589672848,-0.4518394807858928,0.09102697661915835,-0.16507365002839766,0.12865602421602196,-0.4785223048416084,0.09102697661915835
0.08280954965591909,-0.008681531366743472,-0.3377431620132781,0.35486959297457643,0.5465334092661169,0.40879346361453417,-0.4109215380581648,-0.41915376785742126,0.8014681694728933,-0.2871776595244098,0.08526029251430337,-0.33718465757963656,0.4313425873599382,-0.2871776595244098
-0.2605607386207813,-0.08072207511691684,0.5345105877767174,0.19129180589487518,0.26214321130581764,-0.4237244740790268,-0.1611768086401285,-0.027577516827481035,-0.07499213422994701,0.49043028727783616,0.17910745954797996,0.5343142243512503,0.19157021814884528,0.49043028727783616
-0.11893003315567904,-0.02876736812833278,0.1303124211013083,0.09112995342272451,0.47296038284907005,0.12174249613272195,-0.42781736590672015,-0.20951217836160482,0.21103012714125058,0.23400022619394742,0.6219538447669305,0.13015614788503468,0.11105768260947223,0.23400022619394742
-0.2352969098990833,-0.07270880895329583,0.5244296211457068,0.15624284251594361,0.17077251918634972,-0.46007984650094375,-0.06917170296610577,0.0310513427411329,-0.15327733782360983,0.45148242636414065,0.05571149664548614,0.5242029146602727,0.15614266218557127,0.45148242636414065
0.0979820839083443,0.05092300696718058,-0.511975989052224,0.6476479927542766,0.34903235581921527,0.5210315349026039,-0.22289575983837243,-0.3539912254549871,0.31100420021393466,-0.5170942040191316,-0.18847830302206037,-0.511258933413626,0.723692048492048,-0.5170942040191316
-0.2605607386207813,-0.08072207511691684,0.5345105877767174,0.19129180589487518,0.26214321130581764,-0.4237244740790268,-0.1611768086401285,-0.027577516827481035,-0.07499213422994701,0.49043028727783616,0.17910745954797996,0.5343142243512503,0.19157021814884528,0.49043028727783616
0.035624145711426046,-0.025830632635038396,-0.013067079302223731,-0.057510006723318075,0.07448263717251524,0.01517015293005466,0.002158435026272275,0.11649800902098052,-0.20625510211371328,-0.10281078423223682,-0.19999621642407825,-0.013567106816693444,0.032442870277105636,-0.10281078423223682
0.17029663751254073,0.07365772629942816,-0.573485220856254,0.4675338039504431,0.19672247009988522,0.5694359333270095,-0.08571444472879806,-0.333203648878203,0.2273575792786948,-0.565285376357676,-0.19314660028393435,-0.5728582420724758,0.5253786797009314,-0.565285376357676
0.18266588054133245,0.037050714014680644,-0.4455439880991597,0.1121990616480355,0.5451234248175403,0.5899985173568763,-0.41502079176431433,-0.36355699394392005,0.4567074059065715,-0.3689188515166438,0.19308671264858238,-0.4448653128631476,0.2168126259155416,-0.3689188515166438
0.009043793764912919,0.03286620716160972,-0.06939387156567496,0.07256811973608843,0.07071791273678438,0.15369169323087498,-0.12291906998351837,-0.18909074393305242,0.27874938288250906,0.04761327838103802,0.32543954590835855,-0.06899281785866135,0.0066655584912702565,0.04761327838103802
-0.11906542814990945,-0.06870061409606282,0.47272945015386286,-0.07406660618694437,-0.40986037043803575,-0.574446986751728,0.39777746337070913,0.22047524466810697,-0.3872295558296042,0.3994503929997585,-0.15440993215171148,0.47216586918716263,-0.15734058353914873,0.3994503929997585
-0.11084717350018995,-0.009828145313505666,0.21758677029694778,-0.42493647118626154,-0.38965283634982006,-0.29654274097235034,0.19911272815229433,0.924021215508789,-0.4456353154244804,0.1764495770447972,-0.1207321407956573,0.21701385805355589,-0.44310780236693026,0.1764495770447972
0.10470212089589781,0.01819675316103976,-0.3751527688370047,0.3104818891339467,0.466574711279002,0.4449436121438785,-0.3615685415053611,-0.40002413071842424,0.6486754893484351,-0.3174369458458228,0.0919303206918059,-0.37454397150046076,0.37833448760262794,-0.3174369458458228
0.02855263765176953,-0.03484734948348871,-0.029620446772900905,-0.0014937521643052518,0.17829328780237882,0.0724133930267896,-0.09827890703368052,0.05550847833465679,-0.11859367198294544,-0.10037645057386965,-0.12024036156057719,-0.030082231095758232,0.09558496908000906,-0.10037645057386965
0.0621636905758733,-0.004753667381601452,-0.1528476920413063,0.06788598378453367,0.4302561540210108,0.3418298889879357,-0.4035204349211042,-0.20071438687856125,0.22957792852342485,-0.0813744489935416,0.32727266306730307,-0.15322076464310974,0.13652487841633915,-0.0813744489935416
0.03571948661700031,-0.025742317233166778,-0.01347520767039357,-0.0570378678160326,0.07490666875572259,0.015730201238596656,0.0017746337408450518,0.11612015974067293,-0.20569220460699644,-0.10318298716986668,-0.20003547543818603,-0.013969345746804869,0.033013262938791824,-0.10318298716986668
0.20383457829389964,0.07738012664919075,-0.6158208865658037,0.3975733347400127,0.18145672664227144,0.6084889818771728,-0.08876887506207493,-0.30953451787075437,0.2549755791928008,-0.593887385130776,-0.17712292113499786,-0.6151519928580281,0.45879971248369983,-0.593887385130776
0.02855263765176953,-0.03484734948348871,-0.029620446772900905,-0.0014937521643052518,0.17829328780237882,0.0724133930267896,-0.09827890703368052,0.05550847833465679,-0.11859367198294544,-0.10037645057386965,-0.12024036156057719,-0.030082231095758232,0.09558496908000906,-0.10037645057386965
0.3597082177079538,0.03431683448757674,-0.31346717537397184,-0.5926872949331196,-0.3673575751488375,0.21927034008617788,0.3601899570911465,0.2642633020832123,-0.3770107085239301,-0.3716028321572191,-0.3110483693017776,-0.31409872364749053,-0.5299125792021224,-0.3716028321572191
0.11706304438778545,0.06081558873322376,-0.3159070636619948,0.31765336802129407,0.03325484502306066,0.3244942663295574,0.061779331062585756,-0.3377556429612571,0.22413265513532943,-0.2655351963894214,-0.02446717695960424,-0.31540098702825153,0.2986339667923853,-0.2655351963894214
0.10392001121229681,0.03903851570570802,-0.1770506745755265,0.12940058179534955,0.4237222380024992,0.3175059113611212,-0.3372301612101023,-0.39742583448985874,0.4364480523187548,-0.07463578950494575,0.32934549124658974,-0.17600873041624637,0.15804090400265797,-0.07463578950494575
-0.3047125815949514,-0.0331411454530547,0.2600692743842507,0.550762792897537,0.4774149879590287,-0.1006580393372367,-0.4589886946418188,-0.3179650246508716,0.4349876531381791,0.34546621168542274,0.4379291990786249,0.26075861813786566,0.5004550525141619,0.34546621168542274
-0.1002200044268773,-0.04970070204142841,0.18776139407939896,-0.0706416272775785,-0.3107365952804111,-0.29554060001472093,0.27683825803842727,0.29722755610337254,-0.3881671181776879,0.08819451938783457,-0.2885074553633877,0.1869009154571795,-0.08947624497151731,0.08819451938783457
-0.12621032889164313,-0.01759801565134704,0.19821387848791966,-0.37336219689330036,-0.31354647974219024,-0.2704914077011151,0.13650092721257728,0.8987173467694375,-0.41825786709834245,0.14328121212348957,-0.14493938573349227,0.1976656086647097,-0.37589175899867167,0.14328121212348957
0.05899672591877784,0.0764393691823326,-0.3005827035238146,0.28394928452671514,0.3771782925525333,0.3846975186770923,-0.32777247616991295,-0.4098752769876327,0.5482246587052113,-0.21621201339848953,0.17448122383031034,-0.29987429306691404,0.31981137063990595,-0.21621201339848953
0.3927365839415901,0.03436677605400933,-0.411428469693659,-0.5639293220580761,-0.2890693691350318,0.3442019088243856,0.2764119917934922,0.21431869124468608,-0.30775246713134063,-0.4535395933288352,-0.26070498478120796,-0.41202919679675726,-0.48461871564950804,-0.4535395933288352
0.22127641672281878,0.010124300999847555,-0.33730679939669306,-0.09818966027440869,0.24472755730330764,0.4440005877784114,-0.2685775882127324,-0.1440788897588252,0.17962553141858587,-0.2775004930090612,0.17851508550176365,-0.33737599719963746,-0.03645398615095146,-0.2775004930090612
0.35996462490167336,0.034201144033441336,-0.31382549847152336,-0.5925195670363608,-0.3673237441585572,0.2196134844243769,0.3601150443494695,0.2641778862672802,-0.376614098442626,-0.37194051605799394,-0.31133591770638014,-0.3144575802340305,-0.529706719154557,-0.37194051605799394
0.06947361109419013,0.05510576564190164,-0.22538908678586247,0.33297021165072294,0.06342149923259911,0.2514300431397473,0.022920812792759232,-0.3424341425509411,0.2643623263492474,-0.16265285850670091,0.05201287275546023,-0.22474296731894325,0.3017719192509834,-0.16265285850670091
0.3927365839415901,0.03436677605400933,-0.411428469693659,-0.5639293220580761,-0.2890693691350318,0.3442019088243856,0.2764119917934922,0.21431869124468608,-0.30775246713134063,-0.4535395933288352,-0.26070498478120796,-0.41202919679675726,-0.48461871564950804,-0.4535395933288352
0.04623160782566885,0.003445040637831259,0.3530416427970892,-0.327875628929102,-0.13277872484961284,-0.38729276855417194,0.22199278422042124,0.08807274627281007,-0.3153862322873436,0.2887336628923022,-0.07477047897637654,0.3528704940612382,-0.3427764715126573,0.2887336628923022
0.006236580708496672,0.013333959317407787,-0.18497406010608644,0.4659178586478715,0.1886260407083812,0.21663750114541672,-0.05128205801913145,-0.31897242917488616,0.25523972587593524,-0.16006414088836404,-0.024976629057778057,-0.1846952959544465,0.4705642572642531,-0.16006414088836404
0.031692777275594566,-0.009733647695544126,-0.17017410502053487,0.2174097901603805,0.4447830706174994,0.3026756602670044,-0.3652912997451178,-0.3876988836966857,0.44138463322121196,-0.08771367128952641,0.2894953220679281,-0.16933705807905272,0.26807550676801495,-0.08771367128952641
-0.01585938745020774,-0.02132190137999822,-0.352083004203262,0.25232092991869365,0.2913148286702974,0.46637964256836517,-0.37762913175603985,-0.14423975737879208,0.3769173549226727,-0.25190618046263563,0.27679976951121604,-0.35179240420889957,0.286721723514332,-0.25190618046263563
-0.056056607984813885,0.014940088431069807,0.15496065274836304,-0.20319903389086122,-0.3246514863373546,-0.24668892795269898,0.2803589330752329,0.2973249948606035,-0.35769635410675504,0.09067968445653052,-0.19749269847944004,0.1541459478685593,-0.24211095370143856,0.09067968445653052
-0.06234263559750586,-0.0026322069662785236,0.1256223138195486,-0.4113969621929138,-0.3078089257657479,-0.21151075298305333,0.1266903965220296,0.7967602682373192,-0.40410634269273715,0.07542863102198945,-0.16826309666713934,0.12511518553217105,-0.41394639042390347,0.07542863102198945
-0.0019025778687133275,0.04509722538208728,-0.2693774696534678,0.31880793835519405,0.3562486613649453,0.36322172063612435,-0.3306459795447981,-0.3612028307362866,0.49019206978234403,-0.19212876409247515,0.1887524492717676,-0.2688197162073709,0.3502736219823665,-0.19212876409247515
0.058764944831709645,-0.005757064768749585,0.3214644084763833,-0.34069441141349954,-0.06202135975111641,-0.3247126632924991,0.13200082334034793,0.04598661491395536,-0.2655747536376344,0.2810472844352496,0.03187777758281493,0.32132244142606414,-0.34700055100944616,0.2810472844352496
0.03659983710278842,-0.04158395613176451,-0.14681060449756003,0.039453456140791,0.3574262833325262,0.2959134833617842,-0.39938351173553754,-0.2038112552743403,0.2796399195979695,-0.05422964523620603,0.4060480545208436,-0.14639056355047356,0.07498334784144611,-0.05422964523620603
0.04669867072261731,0.004185107029686925,0.3532103609988662,-0.32788662791559736,-0.13299141572295312,-0.38756961579552013,0.22214242632173162,0.08865323946688623,-0.31509922250311373,0.2889265730517123,-0.07470039211233503,0.3530382649329683,-0.34265152833186713,0.2889265730517123
0.0013045147436011764,0.011391109393135947,-0.19519825310532704,0.4640222847659909,0.21757568344419018,0.23402331727228148,-0.08885430904552104,-0.3135587457885674,0.28493557774316747,-0.1643750877813208,-0.006901207273153352,-0.1949215928466717,0.4776325606729778,-0.1643750877813208
0.058764944831709645,-0.005757064768749585,0.3214644084763833,-0.34069441141349954,-0.06202135975111641,-0.3247126632924991,0.13200082334034793,0.04598661491395536,-0.2655747536376344,0.2810472844352496,0.03187777758281493,0.32132244142606414,-0.34700055100944616,0.2810472844352496
0.34879169505873414,0.017917333785209544,-0.24078213367906268,-0.0006232089740014421,0.0892441730488743,0.2308489361485197,0.002819879390717278,-0.026902535052558595,0.07020057568063202,-0.2663195857448987,-0.13948371448875946,-0.24070792178535877,0.06426821451073257,-0.2663195857448987
0.359096064666129,0.01921851189791219,-0.24578549812212414,-0.004947638929252468,0.08789775972119264,0.2352095299059187,0.00400591844931225,-0.02644555039163686,0.07031962703376633,-0.2711093224254492,-0.14213417976777226,-0.24570412955660725,0.06054505314381464,-0.2711093224254492
0.3690207129718378,0.02070009852976221,-0.25068180866343975,-0.00796296001901587,0.08408702113245635,0.23833312994158956,0.007269129733125118,-0.02590886346404835,0.06815493488527323,-0.27642631352116226,-0.14701869179762864,-0.25057778930997443,0.0577427198885218,-0.27642631352116226
0.4271736235204572,0.032568138110173124,-0.27256183592849237,-0.024642427664180677,0.07332768908549162,0.25403560516394613,0.015041570357624883,-0.02245644062584002,0.06767060690936536,-0.2982733047661283,-0.1655451168840336,-0.2724255728178385,0.04285307901514163,-0.2982733047661283
0.4800028582627892,0.03833536392659266,-0.28634932861108736,-0.03237176879919525,0.0713467581217151,0.2686613596858007,0.015407921489185423,-0.0268990296931197,0.07134526714351642,-0.3107165650412153,-0.16794517247244803,-0.2863074117550446,0.037374439792129066,-0.3107165650412153
0.5324419534435936,0.04678948064991511,-0.3182232969678651,-0.04375831538104821,0.059327682904126676,0.28965628777116303,0.023380244348856445,-0.022968326314477074,0.06560512180100024,-0.3428386136475455,-0.19242060323431243,-0.318089203427535,0.026472862719686165,-0.3428386136475455
0.570620816966748,0.03615008728562659,-0.28891116205456896,-0.015183728768265986,0.08517713369573578,0.2729758866780231,0.005563517732985859,-0.05037747135228241,0.09449748141513102,-0.31128118705510593,-0.17051566243710428,-0.28878180604851306,0.0501248115290333,-0.31128118705510593
0.7217595124937326,0.05701405972677551,-0.45582552460650183,-0.1334370906762159,-0.011977278436129047,0.413531889258032,0.05907715370498675,-0.019038121277040427,0.05549460636546482,-0.47301205324077605,-0.24868408986620563,-0.45598374881286424,-0.05058878858811411,-0.47301205324077605
0.6997775353972264,0.05506232352106153,-0.41955907132222525,-0.11923701203184797,-0.01838236420823031,0.375492281530031,0.046145253643590116,-0.016499331445189294,0.07094534793670064,-0.43257519365392566,-0.2176944335547227,-0.4196418940753225,-0.04919060251666671,-0.43257519365392566
0.035900517009562434,0.40427383309393294,-0.08106533442671153,0.02214852290778117,0.017816916561179418,0.07190444967061298,-0.024150944209079022,0.007964151979490111,-0.019977084250326065,-0.08769194827000662,-0.03578580784856628,-0.0808923849625287,0.035770979349439076,-0.08769194827000662
0.03822882130254775,0.4118938106236395,-0.08291563241091258,0.021995883306681462,0.017928333105201286,0.07345863535044982,-0.024446746381341106,0.007588573108628756,-0.0189030727207532,-0.08907744267988803,-0.03573695319381062,-0.08274058767569908,0.035814117782304304,-0.08907744267988803
0.03886866149013152,0.4232194357958213,-0.0811724277105645,0.020879374181316575,0.01696796709430375,0.07136118811696332,-0.024250372706547226,0.007890716039484175,-0.01944397698060561,-0.0876095270181015,-0.036655403852872755,-0.0809828002493658,0.03445104344982265,-0.0876095270181015
0.04612446837136311,0.45687842325617967,-0.08482655930369275,0.01987744492175702,0.01563860650286219,0.07251114926733945,-0.02280636371811951,0.008017162720313593,-0.021713834373958223,-0.08976438287397073,-0.0393501721357322,-0.08462552407629452,0.03344957322888622,-0.08976438287397073
0.058236943935967005,0.49829352848576086,-0.08759983619901424,0.016967464037088396,0.018451435811077985,0.0739691082386793,-0.030382450245791563,0.004199702136941706,-0.017928794071745274,-0.0936367028387995,-0.0440807240998468,-0.08734471706097216,0.03180611712984193,-0.0936367028387995
0.06212606986740293,0.5414588239723932,-0.08754426849937852,0.015973430902040148,0.010266903674569646,0.0713017297563446,-0.02012989950886124,0.007396752622457974,-0.01997085580257369,-0.09112181932926079,-0.04403964016459612,-0.08728853770092133,0.02828287825383156,-0.09112181932926079
0.05883506560166512,0.6144123655070866,-0.08137985062710089,0.022372122836674876,0.00529075356619612,0.0644623050091313,-0.026045906619579805,0.009211878869965332,-0.02687813399073621,-0.08571361600687723,-0.04793460407263712,-0.08111007269883343,0.03542131364418667,-0.08571361600687723
0.07891720168240823,0.6821878079076938,-0.09633780829881294,0.04658915039858066,0.01467570196337671,0.08819994428710062,-0.030245069133833388,0.009120202157631159,-0.02112777956533163,-0.09816755658103149,-0.048706311608789764,-0.09600101534662428,0.05988764159759989,-0.09816755658103149
0.14045764463966257,0.5900111060013581,-0.12922405653456331,0.029820240106698474,-0.009911209344625804,0.1074067676643785,-0.006059751438271536,0.0028558316417242437,-0.048484755626278214,-0.1316734581859092,-0.061999718141924474,-0.12878990391860412,0.04188837567873233,-0.1316734581859092
-0.04824800201924856,-0.03286189162634063,0.5747448868953309,-0.3468580733022367,-0.4016695973001809,-0.595456245701543,0.3631545638742627,0.10329478523282319,-0.3252414084166254,0.5886188988105276,0.17816662552040086,0.5745426367314457,-0.47905865730410174,0.5886188988105276
-0.059754345647087655,-0.03480677589986138,0.5919879673294224,-0.33776144421650783,-0.3949111417972276,-0.6096920256452847,0.3580290116048446,0.10047292175917863,-0.3230668726883935,0.6056275351953999,0.1867762090646366,0.5917934958647757,-0.4718209355185933,0.6056275351953999
-0.059671362621223314,-0.0352712319305381,0.5913866127236607,-0.3362860364818681,-0.3939553647169428,-0.6094246159475326,0.3574453403863122,0.09909820141984306,-0.32160461007746693,0.6050084980040188,0.1862550849650616,0.5911934510357397,-0.4704594131600084,0.6050084980040188
-0.09306051236535606,-0.041744236247208605,0.6428559548991647,-0.307947321374664,-0.37426085911728435,-0.6526298830974554,0.3425048336972679,0.09248142571142623,-0.3173619840334612,0.6551715007821035,0.20874242675714869,0.6426896868430658,-0.44734861986634383,0.6551715007821035
-0.12163497887431866,-0.04644293312696824,0.6845232980773879,-0.28005991579640926,-0.35194154783004045,-0.6860271752567071,0.32700462930161583,0.08468694640766988,-0.3075961051155345,0.6953588617455321,0.2291406552560368,0.6843789316025881,-0.4230427385469706,0.6953588617455321
-0.14154163491483981,-0.05007443178962572,0.7139615354260955,-0.2656053714741752,-0.3402344008992748,-0.7098406792565883,0.31836504511044666,0.08295446767708854,-0.3100087390193609,0.7228283683403233,0.23984013198811227,0.7137917411507289,-0.41056945503682496,0.7228283683403233
-0.1811427428280486,-0.05380845906631041,0.7885759272704241,-0.21437241230317433,-0.30274457341565847,-0.7743335887863693,0.28854180828965087,0.07504721646339597,-0.2982921303214733,0.7949043328145158,0.2712010617251513,0.7884257440767637,-0.3658688668620602,0.7949043328145158
-0.30990470527293645,-0.06963743653419521,0.9229089772104314,-0.024229640529006967,-0.12833916024972955,-0.8697566024797209,0.1466683771661073,0.00898945083490949,-0.22059902564872452,0.92520857706077,0.3509825566526639,0.9228943203779243,-0.17316772515209947,0.92520857706077
-0.26487086689599115,-0.07287885322826916,0.9113921962004637,-0.04945243908098043,-0.1292385324677791,-0.8681242266605749,0.15711165367716942,0.008016225710804696,-0.2694811361948477,0.9003188476486405,0.29890913275593817,0.911185133151997,-0.17737404471645038,0.9003188476486405
-0.11636638819252001,0.019815768631494493,0.18988374539529884,0.7444274786971271,0.27109751190163195,-0.14965559773316045,-0.14694381173849164,-0.47561274680172083,0.355396908208967,0.21739091659450202,0.08745427157495002,0.19052124831247827,0.6590256318280542,0.21739091659450202
-0.12023001458463257,0.01972221570876501,0.19238953339280448,0.7559183065621117,0.277433744910397,-0.1521652454528181,-0.1522676435707396,-0.4773093527064479,0.35720102378933954,0.21890477912954429,0.08594785989541887,0.19302736764230477,0.671040636479269,0.21890477912954429
-0.11766675622366449,0.019540584675567442,0.19110332015916368,0.7489779178252043,0.27331394041758955,-0.15093240263831748,-0.14874336160037113,-0.47620799258208285,0.35564628163710194,0.21814846840869803,0.0866099823175335,0.1917424278373131,0.6637665624161165,0.21814846840869803
-0.12481638446485492,0.01923101553359635,0.1947630632194642,0.7803750611253428,0.29035802792878107,-0.1542743003358071,-0.16171150904672807,-0.4827290673706578,0.36056373851016227,0.21925706202773587,0.08142832229268171,0.19541182187355877,0.6968928401523897,0.21925706202773587
-0.133222802053402,0.01882481010613228,0.1956988447268218,0.8072547232635243,0.3054594442515019,-0.15533300400011815,-0.17553132065666927,-0.48411187953396845,0.3632587359971502,0.21738885562414906,0.07577220726767485,0.1963522386780245,0.7258897134850296,0.21738885562414906
-0.1335045156090157,0.01829255922317809,0.18910157538013933,0.8311894752826235,0.31609555056416105,-0.14794654102277202,-0.18291207142732255,-0.48827116549646266,0.3673913474730354,0.20956341265247652,0.07162100996721678,0.18978231776355328,0.7519823066803122,0.20956341265247652
-0.1422503570885576,0.018821825376492896,0.18254012422386137,0.8737140342969342,0.33442415383406104,-0.14269869204339425,-0.19989871957633767,-0.4937413278586368,0.3660460053095601,0.19895697242354585,0.06390115499818887,0.183226449151678,0.7975612652329371,0.19895697242354585
-0.14028268471802766,0.01998755064660091,0.16610992753644194,0.903102848823545,0.3399632712052382,-0.12787473365568489,-0.20771775579743695,-0.48884808664637414,0.34496396238174354,0.1831893940304181,0.0671618903931394,0.1668774275843014,0.8298631281195391,0.1831893940304181
-0.06048987061589169,0.049101562473284406,-0.02842144461481276,0.9088183554347465,0.3406929093805997,0.052989948333235046,-0.2000493505861243,-0.47553475035574383,0.3590626517185193,-0.01905652192017346,-0.029984210109335073,-0.02753405743274243,0.8734691558568998,-0.01905652192017346
-0.11800246535929873,0.0204309322593759,0.19418712735708243,0.35676219435664713,0.736921600297813,-0.01837522313124623,-0.5610767606627483,-0.4527131041051467,0.5482406703560184,0.2732406973157101,0.45406255634834986,0.19484114234571345,0.36129556239233124,0.2732406973157101
-0.11947836466008432,0.019285625534481876,0.19439798695786073,0.36015522956794294,0.7445668357932944,-0.01787426868067824,-0.566215055331499,-0.45373705654756835,0.5507501928109434,0.2728776255763005,0.453412754676141,0.19505353203079837,0.3656140756099414,0.2728776255763005
-0.11811362420454966,0.02046926694768765,0.19228838868949394,0.35913515742250246,0.7428412631120874,-0.01592145612933169,-0.5666391085967395,-0.4528796576372442,0.5498162933564092,0.2713058484182625,0.45403463343123657,0.19294316284237378,0.3649788665317113,0.2713058484182625
-0.11914197723416863,0.022088569225773937,0.18526168583961136,0.3656537852408374,0.7679254714220356,-0.006432341338510975,-0.5877798202238931,-0.4552708014910272,0.5566059658794585,0.2641565879075716,0.4557237171960968,0.18592295497221611,0.37604446057750973,0.2641565879075716
-0.12093232719607251,0.015887401869517464,0.18481852142364796,0.37461094902087494,0.7800768372420791,-0.005342115462281614,-0.593751494824509,-0.4566176072085729,0.5600304773137237,0.2611867287622419,0.448145217463161,0.18547989050903405,0.3869493683135234,0.2611867287622419
-0.11739725173838476,0.021936947657769,0.1699801267209088,0.37558534524555093,0.8104451200899809,0.012746383314436031,-0.6228462830368909,-0.4612477566894307,0.568779425106393,0.24707783477585687,0.45046762740155916,0.17064392272859566,0.39409574175043005,0.24707783477585687
-0.11370254145856684,0.017102246662419933,0.1522352458436213,0.37943518156395956,0.8399503859653183,0.03337296769618681,-0.6420708609996216,-0.4587468135436745,0.5761294945020359,0.23089822761427492,0.45646333110852144,0.1528982264151808,0.40464982271579825,0.23089822761427492
-0.06290503947402101,0.020595911757664898,0.08702541627343374,0.3380212401949097,0.8611651225322635,0.10151735389718054,-0.6560117741857775,-0.465993399818776,0.5750964615208952,0.17394497802859685,0.4586918526577011,0.08763067869457289,0.3750203277613608,0.17394497802859685
-0.036849909664979384,0.025424741315124563,0.020257706365359646,0.35190160655384,0.8596133851413316,0.16429197204118148,-0.6468712032990314,-0.4871653903120881,0.5671611197198829,0.10245285661187861,0.41270940841515663,0.020840233598863805,0.3985474426802504,0.10245285661187861
0.026026995162780633,0.02371746397273526,-0.5172916148082036,0.3590956009974858,0.5509671605008739,0.6482411670450866,-0.5060999954495305,-0.21137887696476226,0.38884417205057176,-0.4847588267899395,0.06772142612324152,-0.5168409462230991,0.4846606584703565,-0.4847588267899395
0.03316471148628164,0.025209099938608686,-0.5282402095708036,0.35275743895715567,0.5466465128567756,0.6582739713209961,-0.5028615596442539,-0.20937393631199708,0.3873517725490537,-0.49544780481606243,0.06337994732340851,-0.5277945200266487,0.47960044638172283,-0.49544780481606243
0.03880851631146117,0.02664610301823563,-0.5371942781794512,0.34727048726964166,0.5427283289562113,0.6665250625173015,-0.5000450083960964,-0.20742318167462398,0.3854213823134194,-0.5041489336514006,0.060402185537452864,-0.5367538349666117,0.47520815995640414,-0.5041489336514006
0.06515867670189064,0.03218003685955538,-0.5779191718544261,0.32464136490805545,0.5276872200148749,0.70450075619955,-0.4888336582431638,-0.2018508240883683,0.38178487619263407,-0.5434640604142185,0.04632895760505865,-0.5774963118876892,0.45720646843977025,-0.5434640604142185
0.08756602680208585,0.03735107129895063,-0.6126430392462312,0.3001164771390817,0.5088551929200145,0.7359512202511689,-0.47547683454097334,-0.19322866026031296,0.3738748519565527,-0.5770576753872183,0.03361015908069539,-0.6122504030919625,0.4363310836268131,-0.5770576753872183
0.10793868058046892,0.04142134205283326,-0.6430021292193476,0.2837603724353508,0.495792912946606,0.765128784325634,-0.46591471316985283,-0.19240885717503786,0.372198908629986,-0.6056539772678555,0.025108364492691902,-0.642600698192409,0.42197616852636255,-0.6056539772678555
0.14016787455802726,0.0447167509261065,-0.7039102385546746,0.23951634690489748,0.46567259588184057,0.8196597035515516,-0.4424976266566149,-0.18342922226469643,0.3689462507237761,-0.6625969786066678,0.006434654909560794,-0.7035400111757083,0.38517860991251074,-0.6625969786066678
0.27829434842266376,0.06790858439696375,-0.8674642306276148,0.05568633377276184,0.28419382887813666,0.9422723348578541,-0.2912683866049919,-0.11906592862543576,0.29237734672934595,-0.8258012901911922,-0.09316556153478044,-0.8672524371121118,0.1998169604841625,-0.8258012901911922
0.2362321782595757,0.06698577478082737,-0.8364427689032259,0.046569441864526696,0.2748163356386506,0.9324382969218433,-0.29728048665364876,-0.1216471276403915,0.3126255056026901,-0.7748694380935183,0.00366449575698371,-0.8361925086646655,0.1675580458327391,-0.7748694380935183
0.10055255956295274,-0.05196318174112427,-0.12107373582487038,-0.29463786341760034,-0.6159059979077489,-0.024852349875266615,0.5584647564215521,0.3267390238456378,-0.44326660655836564,-0.1913196009114562,-0.3687791431502375,-0.12168729418177021,-0.3046994523759164,-0.1913196009114562
0.10367605807783901,-0.05223193669374346,-0.12503975764799616,-0.29880750573307296,-0.6301403630540522,-0.02210226965805281,0.5758614794207249,0.3299890318805523,-0.44428573731152393,-0.1949743480427765,-0.3703596210081414,-0.12565183480408668,-0.3098293919827655,-0.1949743480427765
0.10057248723961534,-0.05199614782987646,-0.1203285130709535,-0.29520453409357783,-0.617439718057514,-0.025754952843070642,0.5606720724535412,0.3265317773777339,-0.4438599002985962,-0.1906225089949753,-0.36870219172802426,-0.12094252907756753,-0.30571282571537406,-0.1906225089949753
0.10467224615474961,-0.05282824686328707,-0.12190618620134917,-0.30490879403227755,-0.6476405673489929,-0.02859108834656506,0.5973818212577349,0.3347799929374677,-0.45216956698986915,-0.1925303013615929,-0.37292367735129095,-0.1225162366517324,-0.31972935138941966,-0.1925303013615929
0.11013914738664289,-0.05238791427145245,-0.127520052926367,-0.3109906959840004,-0.6767642739778214,-0.023732662052950736,0.6419625754810051,0.3398251014583967,-0.44668152493108826,-0.19626885010636708,-0.3721804508924268,-0.1281408088131822,-0.3276101617997278,-0.19626885010636708
0.10974417914606711,-0.05777784753440742,-0.11458268265978823,-0.32516994505253877,-0.6895641339145417,-0.0439042508947424,0.6552442974374769,0.3458277456030241,-0.4664388489888984,-0.18467372426019024,-0.3802731185527735,-0.11519915601396685,-0.34724252758146035,-0.18467372426019024
0.11658393330510956,-0.05622807418744477,-0.11452262344827818,-0.32154928384632353,-0.7396377673337998,-0.05020150329237398,0.7265713900406395,0.3488120978691479,-0.46140230211178385,-0.1857257348786288,-0.3903684214817198,-0.11513937002116802,-0.35005793174037064,-0.1857257348786288
0.07520476820564059,-0.0555093886141117,-0.06062985076289335,-0.29339601578631463,-0.7585703297474801,-0.11180871664941826,0.7623102524218464,0.3687813593758893,-0.4749346326730922,-0.14060396728418323,-0.40190309030089627,-0.06127103053668488,-0.3292200617086791,-0.14060396728418323
0.051543369763697056,-0.05521969065236942,-0.028274159622482798,-0.30267978626316916,-0.7570260040377474,-0.14153936157331973,0.7447199225929584,0.38050950177429416,-0.48183848343966185,-0.1070284171463523,-0.38591373044858585,-0.028928335018661593,-0.3379833927586897,-0.1070284171463523
-0.06161312786156154,0.0005415128609825391,-0.0006319871982295959,-0.38639098723879606,-0.3531384079108119,-0.09110756390412168,0.17317321707218097,0.9397180203893398,-0.4195517591510137,-0.05457542641989026,-0.20821952692971077,-0.001167915756297969,-0.35466921962404724,-0.05457542641989026
-0.062383486881495046,0.00010046196101526922,-0.002537244154022332,-0.38992389731636956,-0.35544703977290815,-0.089325070788359,0.1754663700191557,0.9419038785078261,-0.4210748645416843,-0.05656504366161559,-0.20816355871150138,-0.0030755876119616735,-0.35820603383005284,-0.05656504366161559
-0.061730252076075826,0.0005089654981132237,-0.0009029222256155811,-0.38712657342220097,-0.353625286057998,-0.09085663319639846,0.17363827638142945,0.9401652536832109,-0.4198310231382259,-0.05485707832109668,-0.20813367499969324,-0.0014389142735689038,-0.35542287170825826,-0.05485707832109668
-0.06341783177697127,-8.896672047364904e-05,-0.004001211814717485,-0.3959914890027523,-0.3584917327679513,-0.08809684581993202,0.1781904884233676,0.9474546581348675,-0.4223247457411257,-0.05821276491176549,-0.2077451544111075,-0.004539685929042982,-0.36449384520666106,-0.05821276491176549
-0.0646865503043745,0.0002877431678192088,-0.007282103356001215,-0.40471152357699,-0.36575513757855765,-0.08545940077653505,0.18566530220929062,0.952085188312476,-0.42699570724593655,-0.061799339437050946,-0.20813731423571566,-0.007822333442179003,-0.3739962837400996,-0.061799339437050946
-0.06428086205286596,-0.0006252924823745457,-0.006582561218902422,-0.4123630202329268,-0.36817433671102634,-0.08650386983125,0.18581256916153605,0.9595122223805048,-0.42687353257181326,-0.06069647527825197,-0.20630192049449841,-0.007118164137713853,-0.3824096359132994,-0.06069647527825197
-0.05608354294211967,-2.8654937041146052e-05,-0.010556795264038223,-0.42788783386020207,-0.3787244633456367,-0.08693509846943297,0.19638868194251569,0.9726879036162013,-0.43197130465085926,-0.06588180660951917,-0.2172355283472933,-0.011090708057470476,-0.3993310164227243,-0.06588180660951917
-0.03922559545623707,0.0022677014319027584,-0.024776945532285082,-0.45612528314852563,-0.3959563697377809,-0.07708611728577337,0.20953141732958366,0.9804321687631221,-0.44040265964708897,-0.08025918343922687,-0.22803597315515867,-0.0253325700428021,-0.42835019263053836,-0.08025918343922687
-0.07140365357574582,-0.005323363235785064,0.07577735732903179,-0.44625635652312357,-0.3944632705657047,-0.1723414419856821,0.2061113306266577,0.9788138159131408,-0.4524495809409821,0.020562466424929864,-0.1982934162271327,0.07522446238977402,-0.4342146078206505,0.020562466424929864
-0.0022670482689277527,-0.018995613021821657,-0.13203324429208,0.27965700795447,0.5015175514307169,0.2091278915305504,-0.38981122205836116,-0.4497166120250424,0.8002978180468167,-0.06159798737804536,0.19392019549786438,-0.13145418896911695,0.3120547381833599,-0.06159798737804536
-0.002412645667999951,-0.01933496951746268,-0.1323509050349194,0.28086830128443735,0.5031517757414865,0.20922144031411538,-0.3908404900411006,-0.44964343607479534,0.804775191197023,-0.06216969556323027,0.1925717193666132,-0.13177215081260243,0.31357298087846286,-0.06216969556323027
-0.002711078409579456,-0.01956591814880007,-0.13272025280096192,0.2820918660190744,0.504866076856541,0.20945827445533957,-0.39184814379077043,-0.4496059312408987,0.8090491937074014,-0.06277623658326809,0.19143365857301214,-0.13214116209024304,0.3150645517181544,-0.06277623658326809
-0.0024370725294159653,-0.020273780296329192,-0.13584198857766772,0.2873597628715351,0.5122792718601356,0.21177469035459537,-0.39650723163424006,-0.45060286497268837,0.827988213450505,-0.06673091411922631,0.1862481374743829,-0.13526059180613131,0.32184969898794474,-0.06673091411922631
-0.003352838111126071,-0.020780450490567485,-0.1378208543987317,0.29219141657289127,0.5181420624917976,0.2128560456669824,-0.4003481745821394,-0.4494078760747591,0.8438191605992508,-0.0698053570138781,0.18030081383212415,-0.1372366890870988,0.32777208325872564,-0.0698053570138781
-0.0014008668887664927,-0.019027164446118447,-0.14520360878946384,0.3005635727095517,0.5276336632102697,0.21908546414558833,-0.40525893515577266,-0.4527594762397639,0.8665657152802136,-0.0776390399854747,0.1742673164340768,-0.14459621010958223,0.3381457261693617,-0.0776390399854747
0.00044672868510124887,-0.022833600133055004,-0.15410099572004077,0.30542445558827375,0.5359088143119973,0.22739106709968956,-0.41271992203941404,-0.45111510580390374,0.8920014984092173,-0.0877851115918949,0.16855132843745446,-0.15352855508553703,0.3454343378694932,-0.0877851115918949
0.01357842194772175,-0.017573565347059228,-0.1584819862689983,0.3063009150057083,0.5639437393593439,0.23300221303753002,-0.4250412021634322,-0.45465342653624513,0.9230519232755999,-0.08961327017959297,0.17358480438922452,-0.15789776005233128,0.3488051563895861,-0.08961327017959297
0.01941757516022594,0.0004039753688250691,-0.25856986213580835,0.3926617241434207,0.5411833924432491,0.31614778336462207,-0.4187812583500188,-0.49798025432694865,0.903809722059378,-0.19407282977380905,0.12696663446864,-0.257896483110784,0.4463658161787857,-0.19407282977380905
-0.027352467363145384,-0.02806116436859927,0.5106009205902772,-0.3613826255486024,-0.33949674974905636,-0.4998914883807465,0.29678105195581134,0.06520677302320606,-0.277288496597942,0.5520470131629053,0.277490961600336,0.5104925294569075,-0.4861304595790347,0.5520470131629053
-0.03703672027478834,-0.029810974545611057,0.5254885300867531,-0.3538062849989142,-0.33438348829245196,-0.5120496905897615,0.29284001826563666,0.06285680223241422,-0.2760871536604916,0.566994499890069,0.2852044682758263,0.5253845960093233,-0.48019724821848203,0.566994499890069
-0.04051407213225383,-0.03073542565291787,0.5311235785016025,-0.35086569217734837,-0.33149622905040327,-0.5170316299989354,0.2904917453703072,0.061462808728743,-0.27444266489286057,0.5727949440509732,0.28800831430532975,0.5310245814124664,-0.4779317862167151,0.5727949440509732
-0.07413592997849534,-0.037510712972596845,0.5836225052296108,-0.32421690975161294,-0.31164410581396373,-0.5599441056764366,0.2751571304385464,0.05305984933272402,-0.2693122601944347,0.6256962546675663,0.3160195622402797,0.5835343172332618,-0.45672747826946286,0.6256962546675663
-0.10191888893850173,-0.04266954417435763,0.6225526301146121,-0.2973321519645662,-0.2911791662873087,-0.5915610280060686,0.26053260323062494,0.0431618608087445,-0.25940670623177736,0.6641253673911048,0.33491612244674657,0.6225006113141272,-0.43364330102683757,0.6641253673911048
-0.12157588696257797,-0.049368415357193815,0.6560342934222498,-0.2855773094352038,-0.27769373050214524,-0.6169183097226747,0.2514882927089936,0.04235680136332694,-0.26356097636429715,0.6971622325858687,0.3535106281984662,0.6559529945002619,-0.42403229045797225,0.6971622325858687
-0.17033481724700664,-0.05574357761018907,0.7440164993268857,-0.22978564181022493,-0.2348894138112321,-0.6907345964253365,0.21594451137204002,0.029507894390245575,-0.24569991157964569,0.7859906525407797,0.3976676348337538,0.7439339087061182,-0.3759579040092155,0.7859906525407797
-0.3130757255315625,-0.07290140002540199,0.9019986857483334,-0.0337899872676578,-0.05387869380425652,-0.8087177675278242,0.07142673452974822,-0.028129903849882766,-0.17094926754987427,0.935853519480536,0.47627949742404563,0.9020501520613291,-0.1794281029946968,0.935853519480536
-0.2620747738857432,-0.07670032670651247,0.8939150822331243,-0.05474774100993061,-0.05245666777584216,-0.80473721984522,0.0794315249327794,-0.04077706966663265,-0.2233224810666054,0.9158289273873437,0.42981515607261456,0.8937655360284954,-0.17963617483440575,0.9158289273873437
-0.0023713271537632277,-0.006712476787177734,0.08609916391811374,-0.14648001116558299,0.18992341174040453,0.09340792045894586,-0.22637543610168095,-0.18265406675766485,0.07661750898111858,0.20461586786681366,0.5995920687357125,0.08637410531693888,-0.17360526332318046,0.20461586786681366
-0.011353955555940681,-0.009405412019487048,0.09741244464799226,-0.14347313694290453,0.19306790816448333,0.08593392881187081,-0.22998575612875155,-0.18487403117227943,0.07633448274124856,0.21803336208820126,0.6151639158678233,0.09768778163111023,-0.17180731204668104,0.21803336208820126
-0.004260706112920178,-0.0071470229297344225,0.0883640319718202,-0.14587565834680127,0.19076240270939912,0.09196926328950918,-0.2271201013091068,-0.18305599396432612,0.076722948259772,0.2072473630341348,0.6026752505652125,0.08863845763704208,-0.1731665344851057,0.2072473630341348
-0.02879294314286508,-0.01363656622941409,0.11900342530594941,-0.13904737453915528,0.20526469653915402,0.073060750577247,-0.24148315610531504,-0.18490999423139004,0.07792371234137055,0.24278048549649509,0.6453764412287172,0.11927624544484436,-0.16846382178296912,0.24278048549649509
-0.051249954943306024,-0.020056681886454937,0.1439403921245107,-0.12957342486354417,0.20913560330423447,0.05641613293489445,-0.24554911238558405,-0.19181085001666412,0.07724633287735934,0.2720868137255877,0.685063441662776,0.1442353841771728,-0.16272658838505988,0.2720868137255877
-0.05489307399436095,-0.01911135433379827,0.1383922838248532,-0.13894937430205473,0.21936105229560215,0.07229463958546326,-0.25593729323811665,-0.18820586407306672,0.08028180287988715,0.27095807947379846,0.7099240656154948,0.13867086147993704,-0.16863029513254965,0.27095807947379846
-0.08977134789998659,-0.02091842491181451,0.183233867693569,-0.09678874209842533,0.280232833431445,0.05318767857775309,-0.3076327989278685,-0.2080620174200495,0.10142185006177355,0.3248577428969472,0.7949501877617312,0.18350585409613657,-0.12304576727719829,0.3248577428969472
-0.18237752648682565,-0.030325976595425172,0.26817130043641535,-0.0198324568484927,0.3667054326581818,-0.00045532451236827683,-0.359752757033154,-0.22316603866260828,0.1313757951105985,0.41176988377327567,0.8913348179976687,0.26846217487618934,-0.05142170734289637,0.41176988377327567
-0.13573445216090213,-0.03503081843683259,0.32846166503021645,-0.0639719899025107,0.28701673990139775,-0.05722726665478149,-0.28541190545833584,-0.21901370734378145,0.025727999464495097,0.463086811829875,0.8654027194138678,0.32841976141773166,-0.1070302062016801,0.463086811829875
-0.04828116495656696,-0.03264457721902069,0.5745425188880586,-0.34608937308574683,-0.4012601916488339,-0.5953213325618594,0.3628237267713097,0.10273284719599976,-0.3246723170232924,0.5884474357240421,0.17798898006238897,0.5743668870358931,-0.4783131140310323,0.5884474357240421
-0.05980955298348579,-0.034586414121954824,0.591799038381712,-0.3369664650759484,-0.3944711256327773,-0.6095683357843696,0.3576746428218794,0.09988034338863094,-0.3224665353884406,0.6054773709761992,0.18662487844003295,0.5916319264871247,-0.4710520903081818,0.6054773709761992
-0.05971621307229074,-0.035036641604470245,0.5911845743882427,-0.3355175531968112,-0.3935387836456663,-0.6092835028848653,0.35710762560354303,0.09853854695565029,-0.32104544196549634,0.6048362271848818,0.18608099779943035,0.5910157297504212,-0.4697145894217876,0.6048362271848818
-0.09312702776874636,-0.041555422938286436,0.6425740841947476,-0.3073261898042103,-0.37392817279159507,-0.6523782606946559,0.34220201462055927,0.09198935231154028,-0.31686298556384923,0.6549518269543683,0.20866774414888925,0.6424315589153784,-0.4467485491530753,0.6549518269543683
-0.12180606585022849,-0.046281314535231995,0.6842929463018925,-0.2791340875091957,-0.3514082708746185,-0.685818820653355,0.32654927925574173,0.08402954369286912,-0.30685097088222163,0.695217665483052,0.22910780798985414,0.6841874656419908,-0.42215936546366156,0.695217665483052
-0.1417988680477505,-0.050105460661608155,0.7138577403520994,-0.26465776342916475,-0.3397052762861311,-0.7097865539192406,0.31791550736578245,0.08219294833421702,-0.30917843323312966,0.7228138297371329,0.23982874413663732,0.7137312018673317,-0.40963537936241223,0.7228138297371329
-0.1811437070455764,-0.053519792849886824,0.7882625385584052,-0.21362922914866728,-0.30232875064214315,-0.7739881160911172,0.28814189517408134,0.07445873053787805,-0.29785878758763773,0.794704441134949,0.2712403402297718,0.7881525602780981,-0.36518307697074837,0.794704441134949
-0.3102491145939597,-0.06948816218230426,0.9227681790434382,-0.02329832620947272,-0.12756919122928156,-0.8694670560687644,0.14595430239595358,0.008253530624988454,-0.21993315629499963,0.9252284594891361,0.3513420006445989,0.9227998274537528,-0.17227323143932288,0.9252284594891361
-0.2649620457893658,-0.07291935026165967,0.9114838022407746,-0.048763631351756646,-0.12875035188906567,-0.8681209639827745,0.1567697396196968,0.007436229988903097,-0.26879240895061024,0.9004578813572806,0.2990498859662652,0.91131349366154,-0.17669584914218336,0.9004578813572806
-0.13149916754569235,0.023285155925955613,0.17633228024020123,0.7949314135810018,0.3905957021243085,-0.12117908391076056,-0.24442560538551106,-0.4812534782120926,0.42974864119146533,0.2036062280307044,0.10099527407333085,0.1770227419457639,0.736640967027472,0.2036062280307044
-0.1318338912136519,0.02310357652687335,0.17437346347796195,0.8038647939349092,0.3959087211703181,-0.11950729827977973,-0.24930575751180772,-0.48193679499271613,0.43075808715956676,0.20051421773111874,0.09738694227435993,0.17506564489162132,0.7471469906929499,0.20051421773111874
-0.13221857405326884,0.023291077367670693,0.1756259469147159,0.8007123429449933,0.3942076450464578,-0.1206664770523243,-0.24759991450590146,-0.4815792228457846,0.4301045895006351,0.2022404057230287,0.09905347294149837,0.17631785209670855,0.743422506732826,0.2022404057230287
-0.1311015860235258,0.024251884496803662,0.16572020401647944,0.8267220836900375,0.40890139931943165,-0.11189707388813111,-0.2604432327596522,-0.48496544978513084,0.4342289088379801,0.18975651760460588,0.08838939627799065,0.16642396807039883,0.7747179495544143,0.18975651760460588
-0.13127443215441126,0.023769037149165523,0.15655756745333468,0.8465549900435717,0.42098489288668756,-0.10359084108665662,-0.2729155917733456,-0.48506583255836927,0.4351622295298037,0.1773469107766467,0.07690736894242196,0.15725387552549183,0.7995197334546513,0.1773469107766467
-0.13078751804994063,0.0248433743763747,0.14353805589881463,0.8666021986828409,0.430230825132371,-0.0911306729487411,-0.28029313959883684,-0.48728342082011106,0.43727247008218306,0.16260977952532213,0.06997494926653765,0.14424372988615292,0.8241480552889695,0.16260977952532213
-0.12903835525879528,0.026406471368579636,0.12116953490527162,0.8939602689350253,0.44511192927015786,-0.06989341937988122,-0.29575979888098997,-0.49038845316743734,0.4383810339015351,0.13863090894149283,0.06258330069402447,0.12189512370194035,0.8593879502210511,0.13863090894149283
-0.10048319482995074,0.034975799519565996,0.06543632965382262,0.9152996468211357,0.4268717499880231,-0.02502945161607688,-0.28458035847449736,-0.4812990648511426,0.4113071267983197,0.08420905314945462,0.04187321818125212,0.0662057329317807,0.885904090949419,0.08420905314945462
-0.0209209737950192,0.05993643379530609,-0.1371958852793982,0.8875438709988797,0.39938500126723747,0.15946307114984634,-0.26010423839453645,-0.43627754530539825,0.40778093423327094,-0.12904730229008532,-0.06712758908027144,-0.136325753933335,0.8971014588075538,-0.12904730229008532
-0.027352467363145384,-0.02806116436859927,0.5106009205902772,-0.3613826255486024,-0.33949674974905636,-0.4998914883807465,0.29678105195581134,0.06520677302320606,-0.277288496597942,0.5520470131629053,0.277490961600336,0.5104925294569075,-0.4861304595790347,0.5520470131629053
-0.03703672027478834,-0.029810974545611057,0.5254885300867531,-0.3538062849989142,-0.33438348829245196,-0.5120496905897615,0.29284001826563666,0.06285680223241422,-0.2760871536604916,0.566994499890069,0.2852044682758263,0.5253845960093233,-0.48019724821848203,0.566994499890069
-0.04051407213225383,-0.03073542565291787,0.5311235785016025,-0.35086569217734837,-0.33149622905040327,-0.5170316299989354,0.2904917453703072,0.061462808728743,-0.27444266489286057,0.5727949440509732,0.28800831430532975,0.5310245814124664,-0.4779317862167151,0.5727949440509732
-0.07413592997849534,-0.037510712972596845,0.5836225052296108,-0.32421690975161294,-0.31164410581396373,-0.5599441056764366,0.2751571304385464,0.05305984933272402,-0.2693122601944347,0.6256962546675663,0.3160195622402797,0.5835343172332618,-0.45672747826946286,0.6256962546675663
-0.10191888893850173,-0.04266954417435763,0.6225526301146121,-0.2973321519645662,-0.2911791662873087,-0.5915610280060686,0.26053260323062494,0.0431618608087445,-0.25940670623177736,0.6641253673911048,0.33491612244674657,0.6225006113141272,-0.43364330102683757,0.6641253673911048
-0.12157588696257797,-0.049368415357193815,0.6560342934222498,-0.2855773094352038,-0.27769373050214524,-0.6169183097226747,0.2514882927089936,0.04235680136332694,-0.26356097636429715,0.6971622325858687,0.3535106281984662,0.6559529945002619,-0.42403229045797225,0.6971622325858687
-0.17033481724700664,-0.05574357761018907,0.7440164993268857,-0.22978564181022493,-0.2348894138112321,-0.6907345964253365,0.21594451137204002,0.029507894390245575,-0.24569991157964569,0.7859906525407797,0.3976676348337538,0.7439339087061182,-0.3759579040092155,0.7859906525407797
-0.3130757255315625,-0.07290140002540199,0.9019986857483334,-0.0337899872676578,-0.05387869380425652,-0.8087177675278242,0.07142673452974822,-0.028129903849882766,-0.17094926754987427,0.935853519480536,0.47627949742404563,0.9020501520613291,-0.1794281029946968,0.935853519480536
-0.2620747738857432,-0.07670032670651247,0.8939150822331243,-0.05474774100993061,-0.05245666777584216,-0.80473721984522,0.0794315249327794,-0.04077706966663265,-0.2233224810666054,0.9158289273873437,0.42981515607261456,0.8937655360284954,-0.17963617483440575,0.9158289273873437
