0,tempC,tempC_Rmean=2,tempC_Rmean=3,tempC_Rmean=4,tempC_Rmean=8,tempC_Rmean=12,tempC_Rmean=24,tempC_Rmean=32,tempC_Rmean=48,tempC_Rmean=96,Expanding Mean 2 tempC,Expanding Mean 3 tempC,Expanding Mean 4 tempC,Expanding Mean 8 tempC,Expanding Mean 12 tempC,Expanding Mean 16 tempC,Expanding Mean 24 tempC,Expanding Mean 48 tempC,Expanding Mean 96 tempC
statusN,-0.35745347463004995,-0.3627578093578112,-0.3675668368596594,-0.3636127548031633,-0.3206210577166925,-0.2361496409435909,0.13175562834375093,0.3171217619751378,0.17705818365092615,0.050812996975505065,-0.3577333858625663,-0.3597500346208921,-0.3578665375553243,-0.3609118620741783,-0.3633477372104011,-0.3542667945750457,-0.3736169720709461,-0.3279686472652118,-0.2952282171004158
statusS,-0.10275367220513253,-0.10419239910632663,-0.10479699250300836,-0.10470713391996507,-0.09604103074297723,-0.08052325814532993,-0.008057196310014033,0.029040594348144964,0.015024021337919491,0.0032833098876507197,-0.10283878972812636,-0.10326967595956006,-0.10298369006713667,-0.10359147583015044,-0.1038924331209628,-0.10187557103893947,-0.10707268476134013,-0.0989451389688945,-0.10275476390984883
tempC,1.0,0.993706449870969,0.9787494883436648,0.9573271190300472,0.8044425598345131,0.5693263910123945,-0.2304798404204952,-0.4627770496666047,0.16605240469882818,0.3182135913137429,0.999915445596612,0.9986308241323166,0.9987027328782478,0.9906760454099603,0.9787029978867532,0.9670158967804696,0.9299410586520028,0.7168364710363003,0.6667777002441986
windspeedMiles,0.059062697981784575,0.08723023026353205,0.11105593478768136,0.13420158420618716,0.19213282147793587,0.1895339224120938,-0.15029138584658133,-0.4583958511556626,-0.5603751411470292,-0.3044630210338631,0.06188714279525113,0.06868694879429578,0.0713007640399881,0.08954507063215887,0.10815961074197823,0.1112123763509746,0.13114738962010855,0.1928931917632355,0.09988627647671584
precipMM,-0.04328362636093622,-0.011599116358152231,0.015069546227358304,0.04569354332976894,0.14334779101741654,0.1948851341916034,0.03021523639655298,-0.2200200054658068,-0.4215791327808572,-0.103265614060071,-0.04041599382135229,-0.03237607099975194,-0.030732609173143795,-0.00824919910804534,0.013546782895993686,0.02306931796578672,0.05160571996835405,0.17024924492647092,0.11783994444990364
humidity,-0.9142340315330496,-0.9061215106549622,-0.8891278175107566,-0.8678675341319141,-0.7237465886528291,-0.5079901360397823,0.2002559715048816,0.3738501328205256,-0.25236337395974445,-0.3618987398729576,-0.9137309294586649,-0.9122093499605411,-0.911252657931218,-0.902937361223292,-0.8905622517287405,-0.8793146334716891,-0.8459633143078813,-0.6388938679773909,-0.6037202177847238
visibility,0.0795104428059338,0.05438701405967248,0.03242890496472277,0.007995870739362069,-0.07240203442499342,-0.12121181900901085,-0.0041144518010412644,0.1978406022321406,0.3657922104639743,0.12394361343176775,0.07722129533915699,0.07101652856123879,0.0694718774366585,0.051637764512422274,0.034142472126366265,0.026888149509441284,0.0023653640604868608,-0.09991638398225317,-0.048614395243484536
pressure,0.004755502694657961,9.138562935426793e-05,0.003080560890696082,-0.0029600236656337872,-0.010526134599518946,-0.0005464120817166675,0.13532275343576106,0.2285767264555334,0.1908292963072737,0.0569404048081381,0.004034176828064446,0.0030963688229524106,0.00092758998307629,0.00014000532575214486,-0.00287348775772342,-0.0011994400226236677,0.004137295448729175,-0.015088510731875091,0.02930312240310905
cloudcover,-0.2062555813627119,-0.19572512942254186,-0.1896303537957328,-0.17901772486152606,-0.14666539747904048,-0.13172382979273256,-0.2139460077914428,-0.30723506082125485,-0.3586710069157111,-0.29550880695904075,-0.2050798614261061,-0.2023438094067432,-0.2007525530387642,-0.1952984176709557,-0.1854337351485973,-0.18850207676554376,-0.18288455688030986,-0.1237319521105844,-0.18934961502494788
heatIndexC,0.973317056673202,0.9643718093404648,0.9473860352611841,0.9223229518080258,0.7526879861408362,0.5019691414171442,-0.3156701760399497,-0.5317286790575874,0.15778280708541054,0.2599194579211879,0.97284678149718,0.9712618686559268,0.9706948627810774,0.9599797684627506,0.94610514636375,0.932018471077038,0.8854314473500386,0.6581828684764593,0.5918856091835724
dewPointC,0.3445659749266368,0.3365691583931656,0.3278621864406497,0.31110931813928405,0.2115312846282224,0.08545326504330837,-0.2668545664756963,-0.3604058749892273,-0.05736896446614965,-0.07065610447492747,0.3440470054816701,0.3427012703781514,0.34280143788023937,0.33354052344464585,0.32491416116174554,0.3169233574652596,0.28002384699370925,0.1718708102480822,0.12054444435409818
windChillC,0.9999025185248476,0.993617180180426,0.9787100753072976,0.9573126917537677,0.8044062743824814,0.5691232881457317,-0.23108750990013044,-0.4634815263865434,0.16561605429210235,0.31809066402716685,0.9998173453156899,0.9985380545977236,0.9986040369518489,0.99058407980319,0.978658842956424,0.9669063674906412,0.9298875243624996,0.7167169422139502,0.666578552092417
windGustMiles,-0.0854916248375475,-0.0500186451689973,-0.017795574971889043,0.01523921310952856,0.1221430614860486,0.17645358435457853,-0.03766929321587285,-0.35067901720908595,-0.6228189490855968,-0.3227822178357816,-0.08213481247766075,-0.07354563489973809,-0.0709770472554537,-0.04631545228377002,-0.021538143705175268,-0.013668849200648285,0.024761310009217816,0.1467769990204293,0.06607519467013538
feelsLikeC,0.973317056673202,0.9643718093404648,0.9473860352611841,0.9223229518080258,0.7526879861408362,0.5019691414171442,-0.3156701760399497,-0.5317286790575874,0.15778280708541054,0.2599194579211879,0.97284678149718,0.9712618686559268,0.9706948627810774,0.9599797684627506,0.94610514636375,0.932018471077038,0.8854314473500386,0.6581828684764593,0.5918856091835724
statusN_Rmean=2,-0.34895174525240463,-0.3581897637258574,-0.3668868696148476,-0.3664893544287681,-0.33621837322630843,-0.26082119946996185,0.1012311418846886,0.30212749299011804,0.2028413896324596,0.04996275044643584,-0.3495420688534324,-0.352515366070941,-0.35087611626650284,-0.35633704669436234,-0.3609545878237673,-0.35661918348670746,-0.37584339369456266,-0.3419902285716757,-0.3121806339486347
statusS_Rmean=2,-0.10053723090022597,-0.10241662588748598,-0.10361491454824864,-0.10449091595917323,-0.09857435232992992,-0.0846560928345352,-0.013930166279775596,0.025851072665205404,0.018739136631165283,0.002750335543189975,-0.10066584767581256,-0.10141034915652188,-0.10094474505771374,-0.1019968441016905,-0.1033717965748245,-0.10075731237108038,-0.1070436453402932,-0.0993797820888145,-0.10224149458966998
statusN_Rmean=3,-0.3365855910601954,-0.3500602941520257,-0.3628317036856393,-0.3666997695409552,-0.35026508018557434,-0.2850111141106728,0.06879949343489293,0.28478695348800964,0.2277630233054644,0.04914640353299563,-0.3375358979031072,-0.34138025305938,-0.34000999047291064,-0.3489037969908656,-0.3551528045735715,-0.3560106747051902,-0.37301281900178296,-0.3511369169740825,-0.32379079867420923
statusS_Rmean=3,-0.09733224497081278,-0.10014472455931464,-0.10185813741928644,-0.1033934775450821,-0.10061576541574707,-0.0884498653466942,-0.01972275242090829,0.022616652387583685,0.0225053777380682,0.0030816487484253163,-0.09751633962081213,-0.09846830910738608,-0.09799117248236126,-0.0994354395730101,-0.10171811667131896,-0.09884539579038333,-0.1059950004621818,-0.09886039305717892,-0.10155403542979123
statusN_Rmean=4,-0.3206352083503389,-0.3384652216854789,-0.3551853777690501,-0.3636815140585781,-0.3617465521925297,-0.3071265667367992,0.036789969765511916,0.26626508930774473,0.25046715513461043,0.04821115158241369,-0.3219721794063342,-0.32678873866039043,-0.325486053304452,-0.33826078704484946,-0.346121807484791,-0.3520169273840296,-0.36556127724307996,-0.3561712135757001,-0.33014963112416995
statusS_Rmean=4,-0.09311500609296997,-0.09688061855819603,-0.09940124604477134,-0.10161232398220328,-0.10215933527056614,-0.0919002945217473,-0.025906957496674862,0.018754879782335417,0.025863197168542348,0.002904835371823572,-0.09337821416267833,-0.09455751642903047,-0.094056722143356,-0.09600332621058363,-0.09884384019389324,-0.0964607330736158,-0.10372525078040733,-0.09773433679860813,-0.10039441671564356
statusN_Rmean=8,-0.20767308470541168,-0.2427416472042661,-0.2763560045787617,-0.3030624652803847,-0.3711348090891842,-0.3732433416970858,-0.10106231000543456,0.16667186908075887,0.3246145069908929,0.047476147758113936,-0.2105420285822296,-0.21978617329265346,-0.2195019150118124,-0.2433841882970766,-0.2648751684323634,-0.27578017011246064,-0.2941677151154733,-0.34920290324718284,-0.3206621556346181
statusS_Rmean=8,-0.06618402941230983,-0.07348431710287757,-0.0792892632888836,-0.0855522968848398,-0.09938589723868912,-0.09970989175371264,-0.05131152093726057,-0.0019376607120768702,0.03343199278102185,0.002610160965581457,-0.06675450485230719,-0.06862921329487001,-0.06851619643532629,-0.07364688162318776,-0.07765185944957724,-0.07989582950648348,-0.08411093677382937,-0.08708426021254187,-0.09094756462061726
statusN_Rmean=12,-0.044653380247452884,-0.08818882100309322,-0.13188330389374425,-0.1719919258014241,-0.3054540639767012,-0.3786543780103598,-0.2353506310430921,0.03562414571142605,0.3597082177079538,0.04623160782566885,-0.04824800201924856,-0.05975434564708765,-0.059671362621223314,-0.09306051236535606,-0.12163497887431865,-0.1415416349148398,-0.1811427428280486,-0.30990470527293645,-0.26487086689599115
statusS_Rmean=12,-0.03211620404005959,-0.04015521320666613,-0.047175864819278684,-0.05559302581881132,-0.08268997803259973,-0.09636764337036786,-0.07296530614555302,-0.0258306326350384,0.03431683448757674,0.003445040637831259,-0.03286189162634063,-0.03480677589986138,-0.0352712319305381,-0.041744236247208605,-0.04644293312696824,-0.05007443178962572,-0.05380845906631041,-0.06963743653419521,-0.07287885322826916
statusN_Rmean=24,0.3760827939407767,0.3572603138874781,0.3338923732891649,0.3081547236698352,0.1732723096408475,0.007122193127923908,-0.3776050534106877,-0.3511213904424116,0.16904624485311195,0.04245170009240227,0.3746497216538471,0.3701783326607832,0.3702714739237269,0.3513944823586964,0.3370744898413513,0.3165216593826341,0.2730939286807835,0.12601885622568187,0.08031632453393016
statusS_Rmean=24,0.012912731424251568,0.01156366349320013,0.011573609803833464,0.008176049365118345,-0.006828687868133268,-0.026468187542225744,-0.07409722816527056,-0.07700623544223653,-0.016213392073412866,0.0016770976246792435,0.012794238833105894,0.012325218855392615,0.01240074255984186,0.01023094317284519,0.009852310915625814,0.005227992000287744,0.0009243189806478881,-0.012853614054523527,-0.024469347073932248
statusN_Rmean=32,0.3938666731748574,0.4065813563361481,0.4133940152614513,0.4188532923928729,0.3966996470793568,0.31048312115175114,-0.1502649561860036,-0.3659353973591408,-0.11355822351305905,0.04348333137196071,0.3950928699728571,0.3986989180155734,0.3991982842424943,0.4047944166659805,0.4117056309001976,0.4093599870818075,0.4009803933108596,0.3612812915850365,0.2796186901504172
statusS_Rmean=32,-0.009654761264098512,-0.007205437310252054,-0.0030362996895426965,-0.0022164173182893654,7.903150009441813e-05,-0.004984065277571426,-0.03915162801665426,-0.0603688467582944,-0.0527617936050699,-0.002668428573500756,-0.009415475325134069,-0.00914155506400625,-0.008699172734132008,-0.007845875551550563,-0.0061308547075485656,-0.008420906783032247,-0.0014917844075093894,0.0010803909855107603,-0.011297541400662216
statusN_Rmean=48,-0.11127193206552216,-0.07241395535021786,-0.035999149192089436,0.004768974934732795,0.15886701421115335,0.28930196697646504,0.3723705424828651,0.1564736494880783,-0.3047075760440749,0.05909064758783648,-0.10831699392000856,-0.09812626535559607,-0.0990356268614998,-0.06908901031111361,-0.04006563316383383,-0.019888515602398932,0.03466297240687481,0.20512134195175946,0.2320431107856957
statusS_Rmean=48,-0.07791837990185926,-0.0762083261853458,-0.07078462606488943,-0.06936542594822086,-0.05690452111197514,-0.042902023240207504,-0.024226369669563742,-0.031013220876242774,-0.05226565380995219,-0.0177180224910788,-0.07779888583134764,-0.07767137606984313,-0.07728641074037436,-0.0769423358898952,-0.07418685546405053,-0.07550355322370317,-0.0688870357351225,-0.059027382806807686,-0.0786350208401657
statusN_Rmean=96,0.015845720746056953,0.01660882541671333,0.01186093671894624,0.013748838551939565,0.013705524267242477,0.009617953591399128,-0.022383751470910245,-0.03697697690615046,-0.016366175013064498,0.07152999233630357,0.01595641559666724,0.016054388308456718,0.01647099148352039,0.016594798752874625,0.016899899027085337,0.01585048989970991,0.01139426998236147,0.018658368184010867,0.016836756230048117
statusS_Rmean=96,-0.08491099806512899,-0.08271251761442927,-0.07754861340496523,-0.07558693111509245,-0.062152100214571473,-0.04675554950249911,-0.012364222560033958,-0.014628338459304687,-0.06614351881106154,-0.07744040376114755,-0.0846840658454951,-0.08438812440342794,-0.0837846960903528,-0.08272589325495297,-0.08090394830720153,-0.08139351715855345,-0.08100057345624173,-0.06774896848080851,-0.07793608401517126
tempC_Rmean=2,0.993706449870969,1.0,0.9931621846153332,0.979743924232526,0.8528215353780613,0.6356246384827594,-0.1726761351464477,-0.4505394680903954,0.10806866945956599,0.3213143469558076,0.9944588385514576,0.9963944339755346,0.9956942301315116,0.9947778631326584,0.9891117038851001,0.9813218366196867,0.952256511214939,0.7660348631740419,0.7155185677440394
windspeedMiles_Rmean=2,0.034849146626439134,0.06617300362651622,0.0910647341231632,0.11758704388034515,0.18916775578464504,0.2025349683999023,-0.10375422353800708,-0.4164295173381416,-0.5703239217507555,-0.29219343443838697,0.03780376683445463,0.04541636226833927,0.04748361456017857,0.06803886748992116,0.08825678926856667,0.0935941664798906,0.11839345553633675,0.19598486515171906,0.1109664380641094
precipMM_Rmean=2,-0.1135439029952658,-0.07962779641504855,-0.04663189962839349,-0.01451616715988015,0.09569793595296862,0.1615856583438894,0.03037564280234086,-0.2257966600072793,-0.4812245380334368,-0.177655567297923,-0.11051047873295934,-0.10202157733836932,-0.1002858853868139,-0.07618266647814348,-0.0527665215128666,-0.04346790821424824,-0.007623369338346075,0.12850775896433048,0.06840108342808984
humidity_Rmean=2,-0.9146467654015912,-0.9137497335183958,-0.9036574563700288,-0.8890993662197424,-0.7679031298112169,-0.5674252526325418,0.1525778164404962,0.3694130465510116,-0.19725367269458755,-0.3627022083440409,-0.9147627362038748,-0.9151145511360792,-0.9142883732099656,-0.9111651408878606,-0.9037828636384202,-0.8957420588507565,-0.8697370978338604,-0.6854628764367201,-0.6477177911028373
visibility_Rmean=2,0.00487719487030861,-0.016171226776108504,-0.023179371441548552,-0.04821924669618671,-0.12306730460632148,-0.1755117531114942,-0.1049323877300077,0.05298773924197974,0.201780383542264,-0.07720542719020851,0.003054274654749654,-0.0025610727339482565,-0.0034745260526004395,-0.01931410775838548,-0.03371790621127986,-0.043867949916512536,-0.06010779297921704,-0.14788102174217854,-0.13858033434227365
pressure_Rmean=2,0.010674838087439948,0.005522729118843408,0.008007854200699147,0.0013627258654612061,-0.00954422282126423,-0.003920943294505458,0.12294057925715388,0.2211622685072196,0.2032916007172377,0.059556119101551376,0.009940974537031171,0.008730030818573783,0.00671255544271306,0.005376496099001835,0.0019076617820293247,0.003268126770015305,0.006229605802514185,-0.018042543387037605,0.022135006170331862
cloudcover_Rmean=2,-0.2178042080705999,-0.2065841714136253,-0.2001618515780841,-0.18901971287858,-0.15336724672446345,-0.13374916389295774,-0.20399776105110826,-0.29871873438597096,-0.3644660608834038,-0.2972187469325754,-0.21660204424755464,-0.21379273580969016,-0.2121704490018229,-0.2063599736619741,-0.1963348817028678,-0.1988069318416317,-0.192060166914291,-0.12908492905890215,-0.19392047483257768
heatIndexC_Rmean=2,0.9730543023354608,0.9736690916812136,0.9649184524153755,0.9479031937120564,0.8049599875278383,0.5711914234765714,-0.2584889582846445,-0.5229984080635479,0.09648963292162012,0.2627482093601879,0.9733079962266242,0.9740779946932724,0.9733331533453742,0.9688470456850494,0.961350155119289,0.9502827528883372,0.9113539468541751,0.7108597273539164,0.6443117571404658
dewPointC_Rmean=2,0.34862171067900394,0.3464442349290605,0.34109247867625425,0.3286603843655886,0.2407889608368605,0.1183268036175364,-0.245235620378058,-0.359353940856106,-0.08606007421388069,-0.07131715657386185,0.34851990479152617,0.3485458766507426,0.34755638747096584,0.3418494671463095,0.3367654527189207,0.3288057542995481,0.2927400430821415,0.19591339138187225,0.14785561117640708
windChillC_Rmean=2,0.9936416429576088,0.9999151066004828,0.9931065930437208,0.9797061236781106,0.8528033327398536,0.6354609512582732,-0.1732584736474039,-0.4512506592315024,0.10760527194602876,0.3211824794037404,0.9943928362913982,0.9963218988840894,0.9956219854975272,0.9947100772867642,0.989057757207756,0.9812409998519782,0.9522089858896354,0.7659378334931881,0.7153231070699885
windGustMiles_Rmean=2,-0.1270310962794051,-0.08982309000658233,-0.055414059792921605,-0.02076206828494186,0.09616884994194314,0.16461510050233907,-0.009469744507712072,-0.3192216021151225,-0.6382648016263274,-0.3349268378767747,-0.12363546487131714,-0.11462388649194175,-0.1122506796097511,-0.0863346874156826,-0.06063628598293835,-0.05128077913078266,-0.00811310415241457,0.12778816245553126,0.05227490150554831
feelsLikeC_Rmean=2,0.9730543023354608,0.9736690916812136,0.9649184524153755,0.9479031937120564,0.8049599875278383,0.5711914234765714,-0.2584889582846445,-0.5229984080635479,0.09648963292162012,0.2627482093601879,0.9733079962266242,0.9740779946932724,0.9733331533453742,0.9688470456850494,0.961350155119289,0.9502827528883372,0.9113539468541751,0.7108597273539164,0.6443117571404658
tempC_Rmean=3,0.9787494883436648,0.9931621846153332,1.0,0.9941382150967536,0.8949164267816685,0.6965733219321014,-0.11475893781779276,-0.4370091188818713,0.04663993438731688,0.3177206803452173,0.980088028740623,0.984308842085781,0.9838031004192046,0.9909814095750988,0.9914126517418356,0.987014187075204,0.9674290991784,0.8101327260268808,0.758736357787667
windspeedMiles_Rmean=3,-0.013812325712873164,0.01950347195235354,0.05045981269127234,0.07877470712878694,0.16295776398425327,0.190284705038244,-0.08402600510119074,-0.4024127381216632,-0.6096697284473568,-0.3281947558455695,-0.010669919241428795,-0.002611545823990541,-0.00026146831393656603,0.0224659292845984,0.044580984047122935,0.05136386447275261,0.0822082041099109,0.1778664092569304,0.09295576575881792
precipMM_Rmean=3,-0.13547957970363805,-0.10299507213134323,-0.07207329759161439,-0.040424236643478884,0.07197704650191095,0.14685552896971268,0.05844379937969061,-0.17909801502203385,-0.4551970709898033,-0.15572816019989855,-0.13259711360463958,-0.12438295646656408,-0.1229233967017802,-0.09948583801808104,-0.0770037573936671,-0.06685325703328282,-0.029960466738341195,0.10969537262186024,0.0591733128846869
humidity_Rmean=3,-0.9086403488889996,-0.9147343118550642,-0.9119248973259516,-0.9042427179178828,-0.807641788840368,-0.6246021512507287,0.0995598632038353,0.35752048402303205,-0.14415141040259608,-0.3652233711515696,-0.909337579412249,-0.9114633796346122,-0.9108085256400322,-0.9133392976021182,-0.910692657514068,-0.9058076972583008,-0.8880310278140185,-0.7280858446035183,-0.6895201173708205
visibility_Rmean=3,0.2065018340853748,0.1816366521381136,0.1498377968844103,0.1277540780366539,0.0406475706094824,-0.020433946301631468,0.038986758687207454,0.2362213617515145,0.4784696860861183,0.3106443154708653,0.2042093481756691,0.19814804957926244,0.19665884730974345,0.17826342765544895,0.16073765244851446,0.1543716889476053,0.12323216957614645,0.005935348501442493,0.0717935306187002
pressure_Rmean=3,0.01705511195038181,0.011425637881974164,0.013324475174885652,0.006223941957641724,-0.007786038101715941,-0.006334324737407297,0.11074141382909387,0.21273386172050185,0.21495741222973525,0.062200968015496634,0.0162522576052273,0.014955990856241913,0.01291388995524727,0.010796520942008062,0.006954609457449122,0.008024980130260446,0.008542206620756608,-0.020932326954763623,0.015210286347417359
cloudcover_Rmean=3,-0.2289961559369437,-0.21741728707727206,-0.21060435520786366,-0.19899234816725286,-0.1605148400772941,-0.1365084878896013,-0.1941833183152197,-0.2892786598434872,-0.3690563996909461,-0.2977302733458129,-0.2277765807171105,-0.22492080177235568,-0.22328291247646764,-0.21723185271691106,-0.2069506099778159,-0.2089954802998145,-0.20121602937411176,-0.13477912444025972,-0.19870377542326514
heatIndexC_Rmean=3,0.9658672327171104,0.9745416766944645,0.9744473512535576,0.9658418557019726,0.8523792445404063,0.6386331626249664,-0.19451589910787026,-0.5043489858587153,0.039315073629356316,0.2694843917627449,0.9667602012848836,0.9696027595602406,0.9690859374652904,0.9717766016617704,0.9698279023004814,0.9620494939016504,0.9321537021503924,0.759919051395452,0.694692800624323
dewPointC_Rmean=3,0.3491367748283829,0.3503664100919737,0.3508044620169409,0.342204699407278,0.2681447900010278,0.1510898175131719,-0.2214568443598334,-0.3553599422031252,-0.11447099401028706,-0.07170375441239342,0.3492989414383397,0.3502553865180613,0.3502382537353245,0.3479701464006348,0.34626996936208504,0.3385785406007829,0.3033287132250777,0.21896210285056308,0.17458505981556996
windChillC_Rmean=3,0.9786943652393008,0.9930830659012008,0.9999115524063086,0.9940569595037428,0.8948661305990533,0.6964037851661931,-0.11540148308067127,-0.4378353272285665,0.0460506479687068,0.3174918080613059,0.9800329279398386,0.9842420697936723,0.9837450452460056,0.990920693136946,0.9913245835208921,0.9869588408525812,0.9673510660930862,0.8100110799624018,0.7584854456020033
windGustMiles_Rmean=3,-0.16469741952953418,-0.12689287412076009,-0.0910218225328873,-0.05512915008147306,0.07041873313119341,0.15228310042030588,0.02111124284569596,-0.2811854678011043,-0.6437134718453293,-0.3364700709944771,-0.1612676451369549,-0.1521166185471031,-0.14989384815161813,-0.12298646235401545,-0.09641183417960493,-0.08566682950610917,-0.038484198015177926,0.11011549969790303,0.04142674210991976
feelsLikeC_Rmean=3,0.9658672327171104,0.9745416766944645,0.9744473512535576,0.9658418557019726,0.8523792445404063,0.6386331626249664,-0.19451589910787026,-0.5043489858587153,0.039315073629356316,0.2694843917627449,0.9667602012848836,0.9696027595602406,0.9690859374652904,0.9717766016617704,0.9698279023004814,0.9620494939016504,0.9321537021503924,0.759919051395452,0.694692800624323
tempC_Rmean=4,0.9573271190300472,0.979743924232526,0.9941382150967536,1.0,0.9314585998403364,0.7554666304035919,-0.04774042123492332,-0.4096641011688159,-0.006219143145241653,0.32338160497155194,0.9593204060019098,0.9655893078629096,0.9650017394459952,0.9790059882796278,0.9855366761433128,0.9850629938380272,0.9751172437060188,0.8481426189453524,0.7985425176901767
windspeedMiles_Rmean=4,-0.03634938921372543,-0.0014662628382890665,0.028396564868136867,0.06021929060737982,0.1568956680409087,0.20053590555306108,-0.030469877239304718,-0.3438453847360555,-0.5987209951677962,-0.2932832932145347,-0.03313783393340304,-0.02463894783732636,-0.022483762265820054,0.0018275479519300405,0.025211616425694885,0.03383717090493018,0.06818537027940767,0.17808878702724362,0.10459083542816194
precipMM_Rmean=4,-0.13754417092335486,-0.10416289636366463,-0.07572456105476884,-0.04164158711734575,0.07826002027539647,0.16449287620442152,0.10766587046579124,-0.12311203866077232,-0.42777792600858144,-0.10382584699819128,-0.13463990666375772,-0.1261581036690673,-0.12464735973012207,-0.09998083055107074,-0.07681932745700433,-0.06430504616665045,-0.0277333879318542,0.12106884222431676,0.0842019770299069
humidity_Rmean=4,-0.8958774348738101,-0.9087320047118664,-0.912703973481103,-0.9121154449389776,-0.8413507905431628,-0.6776990689652798,0.04364297957304618,0.34016923710370056,-0.09227531485588616,-0.3678793762718771,-0.8971413765343783,-0.9009716720289166,-0.9003816133605523,-0.9086043739534831,-0.9106315526517864,-0.9089544539931294,-0.8996047128571943,-0.7652910932153293,-0.7268760888716794
visibility_Rmean=4,0.22921620873022924,0.2042410292891464,0.17206209701109765,0.14964824026895426,0.059177814299360004,-0.008336508151173318,0.019207463150654,0.20503233563187687,0.46635317214866295,0.2863238032154117,0.22699502046130965,0.2207017928535458,0.21939273380440408,0.20098384304309788,0.18286956480819205,0.17636252185492565,0.1441333695493071,0.019548237572837995,0.0764502031167584
pressure_Rmean=4,0.0242516372719867,0.017890395843828233,0.019249919744548274,0.01164930218534677,-0.00503142505779569,-0.007548335113389073,0.0989337978007145,0.20334126613724507,0.2256027096466925,0.0649247049098094,0.023401041480207704,0.0219012089643512,0.019967036648514583,0.017337240656388773,0.01298694347970341,0.013787016071647886,0.01230039858777757,-0.022114042016651896,0.009646774848463643
cloudcover_Rmean=4,-0.2418870094799376,-0.23023057480679715,-0.2229825070428393,-0.21089657745583645,-0.170025188945772,-0.14193554440305398,-0.1862087061034329,-0.2805594183867924,-0.3744826102820614,-0.3011688470609246,-0.24065595897628306,-0.2377819349342575,-0.2361309151469174,-0.2299503635642784,-0.21940213563176086,-0.221205666411525,-0.2123856065733668,-0.14278223910675458,-0.2060459395454944
heatIndexC_Rmean=4,0.9492175409702164,0.9659799289274816,0.9743888536321448,0.9746503043755084,0.8917102919558035,0.6994898930093428,-0.13182465835803744,-0.4853703764699968,-0.02177044759595248,0.2689811659194261,0.9507450942683636,0.955667578451716,0.9550802060565056,0.9647328439241246,0.96822574509783,0.9637384002221776,0.9441117131960044,0.8021539933234596,0.7378671852978788
dewPointC_Rmean=4,0.3447717297850931,0.35064351315878844,0.35493997833015634,0.3511947311167012,0.2924939405227389,0.1829722700652905,-0.1958377008354587,-0.3484227026996545,-0.14215476610276484,-0.07206894650766331,0.3453450667866666,0.34738829474405863,0.3472380924441089,0.34794826832189024,0.3500399969904095,0.34199043898158915,0.3119883249107433,0.2431527260042441,0.2001395611779533
windChillC_Rmean=4,0.9572759978529872,0.9796871121305756,0.9940810937302482,0.9999185870200806,0.931414661015292,0.7553477522294001,-0.0482777143817925,-0.4103797628985765,-0.00673759758815913,0.3232414018723326,0.9592699349125656,0.9655337684006928,0.9649519368848841,0.9789573012220528,0.9854617907489353,0.9850324431319804,0.9750366610521308,0.8480561212404109,0.7983270573570364
windGustMiles_Rmean=4,-0.1960489792745987,-0.1579223933879219,-0.12251634697723685,-0.08512371148144714,0.0473239888940744,0.14165058520511473,0.05565499372835892,-0.2346367892379214,-0.6353183094788352,-0.3220824096250821,-0.19265295942750807,-0.1833567240661066,-0.18131647409054752,-0.15388195914967656,-0.126760060056065,-0.1148328177159287,-0.06514055819073443,0.0934599846411593,0.034555373949567016
feelsLikeC_Rmean=4,0.9492175409702164,0.9659799289274816,0.9743888536321448,0.9746503043755084,0.8917102919558035,0.6994898930093428,-0.13182465835803744,-0.4853703764699968,-0.02177044759595248,0.2689811659194261,0.9507450942683636,0.955667578451716,0.9550802060565056,0.9647328439241246,0.96822574509783,0.9637384002221776,0.9441117131960044,0.8021539933234596,0.7378671852978788
tempC_Rmean=8,0.8044425598345131,0.8528215353780613,0.8949164267816685,0.9314585998403364,1.0,0.9346588541827108,0.2365485002951541,-0.2495254784166161,-0.1940146831005857,0.3382108164108325,0.8084683437054484,0.8212922282558769,0.8206220125347241,0.85686878005946,0.8846163604019741,0.8992006744625333,0.9343203152059528,0.9401351020661654,0.9022985566214864
windspeedMiles_Rmean=8,-0.19674549371837768,-0.1575166709540862,-0.12024703134157814,-0.08184265784666397,0.05395095154523182,0.15009612910623815,0.0814571063069137,-0.20530449489821567,-0.6339109365387138,-0.32334567087723515,-0.1933232236349788,-0.18375465554225773,-0.18193659663474684,-0.1531550392693074,-0.12565010422257106,-0.1130158839899185,-0.06397778359931762,0.09768778118551014,0.04692983511842405
precipMM_Rmean=8,-0.2688058200087308,-0.2368528713958985,-0.208841493450654,-0.1737734899680075,-0.0403202308123993,0.07746073009933822,0.16722585444204213,-0.007312022424506605,-0.4068428851153726,-0.10220544404642624,-0.26615990247440363,-0.2579192189428524,-0.2568917514768652,-0.2330836715246267,-0.20911537534655508,-0.19567331175035066,-0.15523179752176475,0.015177267248671503,-5.051812251476468e-05
humidity_Rmean=8,-0.7829279597340902,-0.8198484684239844,-0.8490076093245663,-0.8748241568380585,-0.9121314600413372,-0.8425733674782921,-0.20435389764593206,0.21443451591408533,0.09246638934844156,-0.3773210190650729,-0.7862099290823535,-0.7960044145177121,-0.795832342683884,-0.8236384588281925,-0.8438738952069542,-0.8547995956077871,-0.8836448910376924,-0.8640390174446136,-0.8369428967029441
visibility_Rmean=8,0.32239451679846337,0.2979983189848211,0.2679447845897812,0.2438444281307491,0.1417394785129597,0.04808954843040721,-0.04268804006438573,0.10000553053192912,0.4504255400385681,0.2688597979619609,0.3203131542986409,0.3140439820635316,0.31302367346399484,0.29484212089827083,0.27604194282767897,0.2682303282693715,0.2323800414746213,0.08502945228657467,0.11931190950391027
pressure_Rmean=8,0.05954389311342674,0.05056090738473089,0.04924412504470412,0.03902819979622812,0.013239604681669731,-0.002316934844047123,0.05810046649258305,0.1602212099870393,0.2558314583212026,0.07614877177458082,0.05854189685709187,0.056307676030466124,0.05472226112655778,0.0498579822950822,0.04375579299710332,0.04337417755227456,0.03686247026169219,-0.01520085995645182,-0.002668684332971148
cloudcover_Rmean=8,-0.2872672282365611,-0.2764276049412077,-0.2697918382763099,-0.25722369175391024,-0.21030147723913747,-0.17016277999278245,-0.16044453501698475,-0.2407811186523104,-0.3828437919779619,-0.30747346688866856,-0.2861076571211212,-0.2833866625079968,-0.28179040516376874,-0.2759804007961311,-0.26520427036450434,-0.2666950421093109,-0.2555395008707814,-0.17811010203921676,-0.2350502537692948
heatIndexC_Rmean=8,0.8122881243140426,0.8572738421214279,0.8957285827901493,0.9273823869903676,0.9758683898185526,0.8938191814810086,0.15444772046483254,-0.3357842801135553,-0.2305214632598933,0.2783350566588447,0.8160716991092826,0.8280171455842126,0.8275192178275035,0.8603616355925061,0.8849653159601542,0.8962784015931736,0.9248818465571574,0.9207161811056584,0.8688460063312141
dewPointC_Rmean=8,0.2860809063757436,0.30697978374822205,0.3276766418433948,0.3406885682464474,0.3507203658480568,0.29127131607229884,-0.07800885056759292,-0.2932580655073592,-0.2408004271726499,-0.07341667358860329,0.28772035787872696,0.29361697606922216,0.293357630348142,0.30757348335420026,0.31855729446261394,0.31940653354726617,0.3203839293457715,0.3286879755678197,0.2803144524464531
windChillC_Rmean=8,0.8043258548727586,0.8527341524715351,0.8948770253346618,0.9314227183956956,0.9999413381280544,0.934598224936409,0.23614301817243524,-0.2501642290243853,-0.1946134008385668,0.3379997458716617,0.8083553402494386,0.8211842825933826,0.8205215102986123,0.8567840120348268,0.8845377839498271,0.8991318976260434,0.934187808349621,0.9401012051701274,0.9020886489895096
windGustMiles_Rmean=8,-0.3479477314840067,-0.3111914670686425,-0.2759180789918529,-0.2369635744951515,-0.0861342980457914,0.04617372639880109,0.13625005084416714,-0.08700502023110318,-0.6090889994633419,-0.332003218533182,-0.3448045969618385,-0.3359551606557861,-0.3343032311596019,-0.306856900653312,-0.2793651179084647,-0.2657953915141931,-0.21251922120193426,-0.025156199358162625,-0.05278662353468545
feelsLikeC_Rmean=8,0.8122881243140426,0.8572738421214279,0.8957285827901493,0.9273823869903676,0.9758683898185526,0.8938191814810086,0.15444772046483254,-0.3357842801135553,-0.2305214632598933,0.2783350566588447,0.8160716991092826,0.8280171455842126,0.8275192178275035,0.8603616355925061,0.8849653159601542,0.8962784015931736,0.9248818465571574,0.9207161811056584,0.8688460063312141
tempC_Rmean=12,0.5693263910123945,0.6356246384827594,0.6965733219321014,0.7554666304035919,0.9346588541827108,1.0,0.5246193395425948,-0.013067079302223731,-0.31346717537397184,0.3530416427970892,0.5747448868953309,0.5919879673294224,0.5913866127236607,0.6428559548991647,0.6845232980773879,0.7139615354260955,0.7885759272704241,0.9229089772104314,0.9113921962004636
windspeedMiles_Rmean=12,-0.35000218861444404,-0.3124429186388849,-0.2761658811182533,-0.2362366188369649,-0.08223307524390032,0.05238295438918402,0.15560059662274786,-0.057510006723318075,-0.5926872949331196,-0.327875628929102,-0.3468580733022367,-0.33776144421650783,-0.3362860364818681,-0.307947321374664,-0.2800599157964093,-0.2656053714741752,-0.2143724123031744,-0.02422964052900697,-0.04945243908098043
precipMM_Rmean=12,-0.40381351486990297,-0.3771403890786957,-0.35182119682572954,-0.3201532628940112,-0.1872009130104373,-0.051942076416085135,0.1702158813687429,0.07448263717251524,-0.3673575751488375,-0.13277872484961284,-0.4016695973001809,-0.3949111417972276,-0.3939553647169428,-0.3742608591172844,-0.35194154783004045,-0.3402344008992748,-0.3027445734156585,-0.12833916024972955,-0.1292385324677791
humidity_Rmean=12,-0.590810360289912,-0.6453674903954202,-0.6939682650316706,-0.7410587996967543,-0.8764014908011121,-0.9124859393980581,-0.4604963350468087,0.01517015293005466,0.21927034008617788,-0.38729276855417205,-0.595456245701543,-0.6096920256452847,-0.6094246159475326,-0.6526298830974554,-0.6860271752567071,-0.7098406792565883,-0.7743335887863693,-0.8697566024797209,-0.8681242266605749
visibility_Rmean=12,0.36475862534975795,0.344977851589328,0.3223824428643355,0.3009660645756991,0.2062186639867105,0.1084233549932641,-0.06875756257924477,0.002158435026272275,0.3601899570911465,0.22199278422042126,0.3631545638742627,0.3580290116048446,0.3574453403863122,0.3425048336972679,0.32700462930161583,0.31836504511044666,0.2885418082896509,0.1466683771661073,0.15711165367716942
pressure_Rmean=12,0.1044136957112144,0.09327865104609076,0.08971738315183315,0.07696441250314312,0.04109115209103096,0.01568524038790915,0.031512542989946664,0.11649800902098052,0.2642633020832123,0.08807274627281007,0.1032947852328232,0.10047292175917864,0.09909820141984306,0.09248142571142624,0.08468694640766987,0.08295446767708854,0.07504721646339597,0.00898945083490949,0.008016225710804695
cloudcover_Rmean=12,-0.3261925515517416,-0.3175798441476192,-0.3129782696056939,-0.3019349728882679,-0.2566001833170435,-0.2108457810939582,-0.15389297013406816,-0.20625510211371328,-0.3770107085239301,-0.3153862322873436,-0.3252414084166254,-0.3230668726883935,-0.3216046100774669,-0.3173619840334612,-0.3075961051155345,-0.3100087390193609,-0.2982921303214733,-0.22059902564872447,-0.2694811361948477
heatIndexC_Rmean=12,0.583292383883011,0.6483862901537664,0.7090038402098796,0.7652992414398445,0.9298186180684684,0.97610016970549,0.4516113532051315,-0.10281078423223684,-0.3716028321572191,0.2887336628923022,0.5886188988105276,0.6056275351953999,0.6050084980040188,0.6551715007821035,0.6953588617455321,0.7228283683403233,0.7949043328145158,0.92520857706077,0.9003188476486405
dewPointC_Rmean=12,0.17582123592152776,0.2071355621627308,0.2397451435983909,0.2655500450941045,0.33781318684997946,0.34520537987564803,0.05550761959479257,-0.19999621642407825,-0.3110483693017776,-0.07477047897637654,0.17816662552040086,0.1867762090646366,0.1862550849650616,0.20874242675714869,0.2291406552560368,0.2398401319881123,0.2712010617251513,0.3509825566526639,0.29890913275593817
windChillC_Rmean=12,0.5691218075195159,0.6354488295231007,0.6964565005594511,0.7553724273242136,0.9346164030701968,0.999957281033384,0.5243727972455132,-0.013567106816693444,-0.3140987236474905,0.3528704940612382,0.5745426367314457,0.5917934958647757,0.5911934510357397,0.6426896868430658,0.6843789316025881,0.7137917411507289,0.7884257440767637,0.9228943203779244,0.911185133151997
windGustMiles_Rmean=12,-0.4815770678213999,-0.4509986659589184,-0.4212165503421068,-0.3857696354005189,-0.2379955421688136,-0.08782478034409026,0.15545410886967045,0.032442870277105636,-0.5299125792021224,-0.3427764715126573,-0.4790586573041018,-0.4718209355185933,-0.4704594131600084,-0.44734861986634383,-0.4230427385469706,-0.41056945503682496,-0.3658688668620602,-0.17316772515209947,-0.17737404471645038
feelsLikeC_Rmean=12,0.583292383883011,0.6483862901537664,0.7090038402098796,0.7652992414398445,0.9298186180684684,0.97610016970549,0.4516113532051315,-0.10281078423223684,-0.3716028321572191,0.2887336628923022,0.5886188988105276,0.6056275351953999,0.6050084980040188,0.6551715007821035,0.6953588617455321,0.7228283683403233,0.7949043328145158,0.92520857706077,0.9003188476486405
tempC_Rmean=24,-0.2304798404204952,-0.1726761351464477,-0.11475893781779276,-0.04774042123492332,0.2365485002951541,0.5246193395425948,1.0,0.7851928947056933,-0.12555333741642105,0.3986040289259378,-0.22623685553209066,-0.2112245523467392,-0.21308065266569212,-0.1631624928177553,-0.12115244080265927,-0.07874234782752229,0.017776518929869874,0.3130796814113974,0.4513017149881756
windspeedMiles_Rmean=24,-0.6059249346545017,-0.6022469518593742,-0.5994797650914118,-0.5863235050325252,-0.5073741513439257,-0.3857710964621139,0.024334025911707663,0.1343935795157564,-0.2465842694852587,-0.3518914456726293,-0.605719313989778,-0.6053424119660094,-0.6039982238590196,-0.60070017176541,-0.594362592045025,-0.5902012793797047,-0.5810858203435156,-0.44838882359954063,-0.4553343476318413
precipMM_Rmean=24,-0.4476363823020232,-0.4551668881282519,-0.4661938522263047,-0.4655433425159025,-0.4431362537517936,-0.3787436823932725,-0.057062984868463125,0.10393123039814438,-0.04355548866241101,-0.10191701931571603,-0.4483863815952496,-0.4502501777931667,-0.4499264468530496,-0.4566570582777728,-0.4572081373179053,-0.4597380188931603,-0.4681513437046819,-0.4046528143528523,-0.3905598779543279
humidity_Rmean=24,0.12135655699194868,0.06729027381663916,0.013659146481031706,-0.047458551416773714,-0.3003627220351027,-0.5471614590094296,-0.9099105376819636,-0.6931843984557783,0.10400483171170537,-0.4213075586414368,0.1172997809547365,0.10316260664703264,0.10487800882554968,0.05754269488757836,0.018716481026656767,-0.020281519087452914,-0.10991529711884418,-0.3722733636468287,-0.5014910996105517
visibility_Rmean=24,0.4656606435239917,0.4730644090044002,0.4816294704026227,0.4818815770334045,0.461189612092535,0.4012034018678987,0.10237807818935844,-0.05071691055401417,0.09906285214953237,0.19273393578922468,0.4663622975712616,0.4680684901238954,0.4678109105579105,0.4739929027994767,0.4745432688639082,0.4755533187707434,0.4855970669187268,0.4224380960280917,0.4231912346467279
pressure_Rmean=24,0.2389975214693335,0.2318308544309757,0.2317090344916365,0.2195474361304779,0.17563453989822614,0.1292325695792919,0.0408680820762411,0.04453982378497808,0.19464826146248154,0.12587514103651892,0.23824046438017546,0.2365302348975,0.23467638366557003,0.2309657022518533,0.2248866638521392,0.22199992110779848,0.2203034761970802,0.14770423871095495,0.15692377452014405
cloudcover_Rmean=24,-0.3718286619183144,-0.3728757190190016,-0.3771116732676455,-0.3753153430041014,-0.3630276691526414,-0.3377431620132781,-0.2340589044975949,-0.1946355724586584,-0.29971182063350377,-0.347087196040354,-0.3718099433791648,-0.3721397412571746,-0.37107728406526097,-0.37470078727990414,-0.3711881051270024,-0.3786765447296687,-0.3798960524990462,-0.3382299097900522,-0.3868091828152026
heatIndexC_Rmean=24,-0.25407239860896313,-0.19117984813252129,-0.12738952109509238,-0.056108071261145635,0.2417986896378151,0.5345105877767174,0.9763774334939301,0.7244981761607697,-0.2231765197645344,0.3274146796466515,-0.2493481847862941,-0.2331031357602409,-0.2346480760837055,-0.181736299887874,-0.1358912460154435,-0.09332676284289854,0.007768286095656635,0.31701448230904944,0.4449909619302713
dewPointC_Rmean=24,-0.24432278649616845,-0.2147837225288787,-0.18074488881879108,-0.14813363087183234,-0.0070777936609775684,0.1303124211013083,0.3197863447728096,0.17664221373937178,-0.2804693610308812,-0.0789500567657062,-0.2420318066308858,-0.2345948950925861,-0.2345949169826581,-0.21205350472432288,-0.18918115982573933,-0.1730555738805874,-0.12868947957194818,0.023137741142272097,0.05316067696345758
windChillC_Rmean=24,-0.2309872551567616,-0.17316042369260912,-0.1151973698960971,-0.04815541754083676,0.236248129715831,0.5244296211457068,0.9999716852968366,0.7850291821434797,-0.1261685986381095,0.3983485564243189,-0.22674263463763464,-0.21172605270839645,-0.21357982818319146,-0.16364162476258332,-0.12161833689800687,-0.07920319573196727,0.01736145378366959,0.31284457427857004,0.4509582040829082
windGustMiles_Rmean=24,-0.6066140557517521,-0.6160126531944864,-0.6265606186918901,-0.6263169669535499,-0.5954546177622937,-0.511975989052224,-0.1107343501879372,0.08034565651339964,-0.15190362842064786,-0.3731562551581393,-0.6074723656719839,-0.6104033110907555,-0.6089650826264195,-0.616248647776424,-0.6185583975132437,-0.6216168455037965,-0.6295725823894508,-0.544986573718651,-0.5637467801041615
feelsLikeC_Rmean=24,-0.25407239860896313,-0.19117984813252129,-0.12738952109509238,-0.056108071261145635,0.2417986896378151,0.5345105877767174,0.9763774334939301,0.7244981761607697,-0.2231765197645344,0.3274146796466515,-0.2493481847862941,-0.2331031357602409,-0.2346480760837055,-0.181736299887874,-0.1358912460154435,-0.09332676284289854,0.007768286095656635,0.31701448230904944,0.4449909619302713
tempC_Rmean=32,-0.4627770496666047,-0.4505394680903954,-0.4370091188818713,-0.4096641011688159,-0.2495254784166161,-0.013067079302223731,0.7851928947056933,1.0,0.3536393643205639,0.4365838911478089,-0.4623645538521024,-0.4591173005546909,-0.4611110147474573,-0.4456824624065909,-0.4330526435395813,-0.4072368639782986,-0.3637153117236537,-0.17899008792081422,0.009582603457109429
windspeedMiles_Rmean=32,-0.4877227239126807,-0.5123296544265074,-0.5394513379430136,-0.5557434927195136,-0.593459226639284,-0.573485220856254,-0.2572662708404185,-0.0092138819899077,-0.02946335843493055,-0.3682128332427552,-0.4898250406306974,-0.4965870379253317,-0.4953633337145347,-0.5152514018662351,-0.5286320659941878,-0.5393455579727341,-0.5704852661568359,-0.5648597202352479,-0.5921367195966903
precipMM_Rmean=32,-0.29393452137357445,-0.3172645041171505,-0.34552755033687715,-0.36337467986657945,-0.42301225951463467,-0.4455439880991597,-0.2888361620781377,-0.08350572117919501,0.05592728130696428,-0.11949986213076225,-0.2958753566201561,-0.3018095391630385,-0.3012836137352408,-0.3214993694351895,-0.33428305850287965,-0.3471136351117405,-0.3828248084729333,-0.4163593212183061,-0.4350436059599185
humidity_Rmean=32,0.36647601934917307,0.35131436283410394,0.33509141118682834,0.30650147274803163,0.1494220099880477,-0.06939387156567496,-0.7549533861388699,-0.9074652132179476,-0.3045904470863751,-0.4479207079495943,0.3657523742196441,0.36159871330912585,0.36351812901751657,0.3453413336566756,0.33100579510030104,0.30473269449105417,0.2590205740671566,0.08138739864175264,-0.08859755998650601
visibility_Rmean=32,0.3239323591820063,0.34691426204322323,0.3706522478609747,0.3898841176375811,0.4493981520252508,0.4727294501538629,0.32882841387878103,0.1433673911110533,0.025161733674802542,0.2243441270696805,0.3258322975375773,0.3314516818998377,0.33129447362869874,0.3502947954958141,0.36185533041550905,0.37588399425142255,0.405977106585718,0.4411989973643381,0.4743592297917813
pressure_Rmean=32,0.24263060456564475,0.24632359716964666,0.25715793844158075,0.2550514650311095,0.24454033522881624,0.21758677029694776,0.11000354214123932,0.06471864581206949,0.13513160590806245,0.15089626282101595,0.2427489741425831,0.24382177727553256,0.2419640081335325,0.2463754610405016,0.247587061428932,0.2494209803225983,0.25897303923566184,0.21946610626690127,0.23080112147173384
cloudcover_Rmean=32,-0.3359264180019526,-0.3434548217011973,-0.35351446554514604,-0.3584179330988849,-0.3737288560621057,-0.3751527688370047,-0.3181023823352901,-0.2584937147724168,-0.26462285644801986,-0.3737138675086524,-0.3364407116183293,-0.3386174597277813,-0.3373680437428609,-0.3460539674535348,-0.3476056280661066,-0.3584604452602918,-0.3712164010638512,-0.360156150269727,-0.42914602515306943
heatIndexC_Rmean=32,-0.5323459453850471,-0.5159642224020692,-0.4972180311872738,-0.4654548294393287,-0.2851969962733089,-0.029620446772900905,0.7870453074389947,0.975080022209004,0.2586553576334191,0.35847767204629005,-0.53153097642127,-0.5273013637327778,-0.5289574147278088,-0.5108244262051868,-0.4946225015487908,-0.4677108772557727,-0.4168694898597911,-0.20917342144748244,-0.025967416749490848
dewPointC_Rmean=32,-0.3752057420258661,-0.3685177660414004,-0.3560234614087261,-0.34417696625066513,-0.2665390039293584,-0.1528476920413063,0.21653992059863292,0.2868311566932069,-0.07735885975303641,-0.08414926141187888,-0.3747555063671517,-0.3733041375870525,-0.3733678264974148,-0.3678501878970613,-0.3607783490809979,-0.3525079625437928,-0.330223954802945,-0.2243549009734852,-0.14814373811436302
windChillC_Rmean=32,-0.463387868476178,-0.4511448659011298,-0.4375923936398197,-0.4102393283684005,-0.2500341450439993,-0.01347520767039357,0.785124643684216,0.9999759768230212,0.3532415110888634,0.4363290295547039,-0.4629751208760863,-0.4597268833363248,-0.4617197749681083,-0.4462877285379592,-0.4336542274700947,-0.4078480516935432,-0.36430259525657294,-0.17945416244734522,0.009100619063100276
windGustMiles_Rmean=32,-0.405578094885082,-0.4387876755292214,-0.475543529916444,-0.5021669418253084,-0.5860404631000847,-0.6158208865658037,-0.4019787435200607,-0.13705323099769173,0.00685186434433425,-0.3903193106683613,-0.4082916868689434,-0.4172364474797057,-0.4157801262025505,-0.4432440532073968,-0.4629619897595061,-0.4805046208802218,-0.5258368224468073,-0.5738828644191176,-0.6247618496024597
feelsLikeC_Rmean=32,-0.5323459453850471,-0.5159642224020692,-0.4972180311872738,-0.4654548294393287,-0.2851969962733089,-0.029620446772900905,0.7870453074389947,0.975080022209004,0.2586553576334191,0.35847767204629005,-0.53153097642127,-0.5273013637327778,-0.5289574147278088,-0.5108244262051868,-0.4946225015487908,-0.4677108772557727,-0.4168694898597911,-0.20917342144748244,-0.025967416749490848
tempC_Rmean=48,0.16605240469882818,0.10806866945956599,0.04663993438731688,-0.006219143145241653,-0.1940146831005857,-0.31346717537397184,-0.12555333741642105,0.3536393643205639,1.0,0.5460727553706052,0.16113417708023345,0.1464229181986883,0.1455752591382062,0.10215422593852233,0.061571999778229136,0.043574452742056936,-0.035613952728966045,-0.2525005004204703,-0.16744942148511568
windspeedMiles_Rmean=48,0.018408574087103426,-0.006941322425259175,-0.03911826994953856,-0.0664082862935604,-0.1897508147725329,-0.3159070636619948,-0.5564161407662519,-0.4963459438124775,-0.11492412137621524,-0.39613354665418776,0.016591663401623637,0.009593785131989494,0.011533251242696428,-0.012590035962150851,-0.02987813732601357,-0.05047081039880374,-0.1005014734785639,-0.22147037012385268,-0.32070655313983426
precipMM_Rmean=48,0.009256262748190677,-0.002267294059954961,-0.020350736811212657,-0.03293027389583532,-0.0995967833474331,-0.1770506745755265,-0.37833526374487947,-0.3913566954274929,-0.15778093556333458,-0.1573653945817179,0.008575079162243149,0.005382509911343271,0.0068009762910950025,-0.005798035532232954,-0.013850004783519136,-0.02762888482636827,-0.05496966267271032,-0.11789907228663354,-0.18705760818505587
humidity_Rmean=48,-0.15765654324114314,-0.10522102214891184,-0.048789791379709915,-0.0020194296681882496,0.16170049148031496,0.2600692743842507,0.06261392679217848,-0.367613960916534,-0.8970042242513734,-0.5188622719800189,-0.15315295966007775,-0.14014239957711672,-0.1387899751596521,-0.10093134590741418,-0.06516994831480437,-0.05106511498053399,0.017296326783739747,0.20907062926018616,0.11925881221909007
visibility_Rmean=48,-0.007681398945887489,0.004714033981119494,0.02115474602718812,0.03550842129804846,0.1067339687204162,0.18776139407939896,0.3955691917027524,0.4135062909842148,0.19740722445397668,0.2300496512181121,-0.006937148440430884,-0.003580504041915239,-0.004808702379468974,0.0077052599453447815,0.016471771994161933,0.030035540505040613,0.05596425527436033,0.12190803172953453,0.19115951724760746
pressure_Rmean=48,0.09919743395001776,0.10830356811723983,0.12577889209066434,0.132169034276997,0.1672612644217219,0.1982138784879197,0.2396958063707301,0.20886976113416847,0.13380495087261024,0.19737354583026648,0.09971856743093682,0.10208683835522173,0.10035781704019042,0.10991947228395094,0.11596056339351447,0.12359816288144007,0.14593348974100925,0.1574527014687025,0.1831592805498252
cloudcover_Rmean=48,-0.21300282713489155,-0.21943725295085464,-0.22933821236762816,-0.23555739168279674,-0.267040145753755,-0.3005827035238146,-0.3819665996445346,-0.387159889621284,-0.3328292862546857,-0.4278997812055438,-0.2133300511989884,-0.21540816552990708,-0.213864001051058,-0.2217413276340768,-0.22499405977673934,-0.2363767067446275,-0.2500887294039806,-0.2600510521138471,-0.3448257407762591
heatIndexC_Rmean=48,0.08409102483243829,0.022341926855603645,-0.04139589255287916,-0.09755582165311216,-0.29289686903817963,-0.41142846969365904,-0.1793406256958591,0.33458811350065004,0.9690470785158842,0.4509080464395962,0.0789001863439074,0.0632127178438063,0.06264863532593921,0.016033017380658886,-0.026951337753087785,-0.046879931743647546,-0.12867122944114764,-0.3458814441661525,-0.2654539545654889
dewPointC_Rmean=48,-0.1346231905779786,-0.16019137593494365,-0.181318457787939,-0.2061770581924808,-0.2874725209329768,-0.33730679939669306,-0.246997992313715,-0.04607100501105088,0.1804408281086473,-0.1070683636289227,-0.13648991335262334,-0.1432064784675483,-0.1418831547141144,-0.16296702146935824,-0.18210367183633566,-0.1946308334507677,-0.2258534016297808,-0.29532755074578315,-0.2969027312916932
windChillC_Rmean=48,0.165901710003136,0.1078917997406394,0.046440544125407233,-0.006444440836871051,-0.1943243930004222,-0.31382549847152336,-0.12585241048441848,0.3534912139520413,0.9999813811832412,0.5459318254060088,0.16098162666933633,0.14626482548590128,0.1454165499814789,0.10197521389638038,0.061372438172623785,0.04337414169008085,-0.03584196337960206,-0.2528264120233278,-0.16778104950258113
windGustMiles_Rmean=48,0.079379638849931,0.06145311559508624,0.0361365008138104,0.01437692394122079,-0.09587453026973483,-0.2253890867858625,-0.5589696050928294,-0.5803694074867077,-0.2208436827306257,-0.4180013198312667,0.07820742012150153,0.07307687508806275,0.07505193621631284,0.056147737296626005,0.04365527513931522,0.024258137031729098,-0.01811137542134746,-0.1293814964259204,-0.2429298367367053
feelsLikeC_Rmean=48,0.08409102483243829,0.022341926855603645,-0.04139589255287916,-0.09755582165311216,-0.29289686903817963,-0.41142846969365904,-0.1793406256958591,0.33458811350065004,0.9690470785158842,0.4509080464395962,0.0789001863439074,0.0632127178438063,0.06264863532593921,0.016033017380658886,-0.026951337753087785,-0.046879931743647546,-0.12867122944114764,-0.3458814441661525,-0.2654539545654889
tempC_Rmean=96,0.3182135913137429,0.3213143469558076,0.3177206803452173,0.32338160497155194,0.3382108164108325,0.3530416427970892,0.3986040289259378,0.4365838911478089,0.5460727553706052,1.0,0.31822984982190994,0.3195190594815828,0.31782298079379234,0.32245749549620323,0.3234054715520621,0.3335962955418678,0.3354188046959277,0.3210448423816698,0.4287020501723977
windspeedMiles_Rmean=96,-0.1781716538693434,-0.17860136990428213,-0.18471321924921555,-0.1835213635544672,-0.18440298302925184,-0.18497406010608644,-0.2074528242147917,-0.2291224959332285,-0.29376284517310985,-0.4506953018853496,-0.17810692702491382,-0.17888022507625964,-0.17713380543647794,-0.17967457622999772,-0.17952489183516165,-0.18364574266767114,-0.19050638665241326,-0.17497038899432835,-0.2337561898862136
precipMM_Rmean=96,-0.16646708067195276,-0.1664831359788024,-0.1722075983910822,-0.17050475412031751,-0.16968729396359408,-0.17017410502053487,-0.1936739290959605,-0.2168475988941293,-0.2624186044311186,-0.3061631491136355,-0.16630195947723553,-0.16643812233947755,-0.1652435035344397,-0.16810340933951332,-0.16754781876224056,-0.17300657779024145,-0.17652099254647605,-0.15604583803478655,-0.2043580076208545
humidity_Rmean=96,-0.3312865211362748,-0.3330294976267741,-0.32573866992623074,-0.3308273535901835,-0.3411665757101826,-0.35208300420326205,-0.38044670679314,-0.4070293074398059,-0.4891448991013163,-0.8209138339288963,-0.3312291237623122,-0.332263219269237,-0.3305474732277012,-0.334891726604758,-0.3359245339343818,-0.3461137822636652,-0.3458243274939945,-0.32900147144023506,-0.4331341815704355
visibility_Rmean=96,0.1457567069819672,0.1462463251519515,0.1528843872992814,0.15137611846657942,0.15246360197558045,0.15496065274836304,0.18637297447459164,0.21732797148452093,0.2813014520267053,0.3786731932591455,0.14562187499876972,0.14568724272770453,0.14475003660398506,0.1468519334016093,0.14724213166938802,0.15029633434483,0.1539510728938349,0.1353059896839269,0.1775556937068766
pressure_Rmean=96,0.1142046013595928,0.11493661318796003,0.1243533999631655,0.12192615107428467,0.12327345526357762,0.1256223138195486,0.15199144589126184,0.17335938162560174,0.2230128713111323,0.297675485142192,0.11401442177576472,0.11428528094576645,0.11237829345352733,0.11537733688102107,0.11533327198761832,0.11853573268350275,0.1276319924966205,0.1044215241223981,0.12716987729369425
cloudcover_Rmean=96,-0.2560680253955964,-0.2572182473647273,-0.2615570179787433,-0.2617261706362464,-0.2655124144150541,-0.2693774696534678,-0.2971338354681115,-0.32456301814544875,-0.3970921935735717,-0.5788453375013186,-0.2559463972243395,-0.256405042822573,-0.25493981278128097,-0.25830353228305497,-0.2577285174749418,-0.26500551252808263,-0.2698497570243354,-0.2476317576445868,-0.3239112769849776
heatIndexC_Rmean=96,0.28974823283450263,0.2924562439464785,0.2900303273586289,0.2948446461035261,0.3080608636637987,0.3214644084763833,0.3676291678035002,0.4069415581937395,0.5155502249877537,0.9457920271193552,0.2897682847149501,0.29096222701937463,0.2894504862465045,0.2935269119098725,0.29396581015536233,0.3031296046183351,0.30529644958208546,0.2934863121526297,0.39786069361472587
dewPointC_Rmean=96,-0.14044696102997425,-0.1407785885998277,-0.13734570630103798,-0.13902961947024214,-0.14232956707422054,-0.14681060449756006,-0.15591973283770322,-0.16119582916381867,-0.16588035237669396,-0.17898906663395664,-0.14038459377234316,-0.14045657713561127,-0.1398750684816028,-0.14176189210454276,-0.14310321748360055,-0.14613763172374153,-0.1477177396302332,-0.13579608464365486,-0.16748412056331616
windChillC_Rmean=96,0.31841827452814603,0.32152560204963,0.3179369709810369,0.32360093719935706,0.33842214368883344,0.3532103609988662,0.3986462484321394,0.4366144517358007,0.5461909895133811,0.9999683361338514,0.3184348586398881,0.3197266711674186,0.3180277631345189,0.3226708475507533,0.323612171342653,0.3338284042288639,0.33565087828943235,0.3212432652729002,0.42895533764862975
windGustMiles_Rmean=96,-0.19000243071459874,-0.1903340411867082,-0.19651153092597665,-0.19520286496319092,-0.19536254978199166,-0.19519825310532704,-0.217910603093203,-0.24203420336132656,-0.31597382556004244,-0.489851535650683,-0.1899137360384803,-0.19063713766143428,-0.18890633866662274,-0.1915054892615259,-0.19109223346219248,-0.19579946028038225,-0.2017482468023227,-0.18460672613203088,-0.2469345367062065
feelsLikeC_Rmean=96,0.28974823283450263,0.2924562439464785,0.2900303273586289,0.2948446461035261,0.3080608636637987,0.3214644084763833,0.3676291678035002,0.4069415581937395,0.5155502249877537,0.9457920271193552,0.2897682847149501,0.29096222701937463,0.2894504862465045,0.2935269119098725,0.29396581015536233,0.3031296046183351,0.30529644958208546,0.2934863121526297,0.39786069361472587
Expanding Mean 2 statusN,-0.3563641238429581,-0.3626029459532814,-0.3678678902663592,-0.3646108915334688,-0.3237845292832659,-0.2407821336790627,0.12645584049898448,0.3147274340443508,0.1815886397770888,0.05071391880211973,-0.35674858248701924,-0.3588336523553359,-0.3570108214901231,-0.3604696235550685,-0.3633609213919604,-0.35510940198424434,-0.3747311496844063,-0.331234965270909,-0.2989419746441329
Expanding Mean 3 statusN,-0.3558027756586085,-0.3626792464335889,-0.3688203308076244,-0.3661196006325997,-0.3273012506604842,-0.2457854981221241,0.12184371005206035,0.3137579211911603,0.18763561479228505,0.052149073951983885,-0.35619072593009043,-0.35891490122358266,-0.35677188090957995,-0.3607369298947545,-0.3639145889889273,-0.3566339328455587,-0.3761917378059262,-0.33471098259690185,-0.3025136602894413
Expanding Mean 4 statusN,-0.3540040505230029,-0.36161605879950004,-0.3688562488743766,-0.3666155645697208,-0.3302519750494521,-0.2506818086634397,0.11561408728584872,0.3106070225351349,0.1921764265801807,0.05086907479979372,-0.3545296849112878,-0.3569591090871407,-0.3557920308774349,-0.3597789002609072,-0.36358468918564935,-0.35705751617250125,-0.3766706858040231,-0.3380459483911104,-0.30650033557991263
Expanding Mean 8 statusN,-0.3469457366874364,-0.35817043521501485,-0.3691779707201208,-0.3708312755468984,-0.3457282443669992,-0.2725618359284924,0.09298813812015526,0.3026791690949832,0.21624656715832827,0.051745583098741575,-0.3477289979055984,-0.3513340866913489,-0.3497651275188581,-0.35836024285761997,-0.3638449740037751,-0.3612816864622441,-0.3797022387599995,-0.3512464641081909,-0.3204941578897513
Expanding Mean 12 statusN,-0.3361353734997489,-0.3496336787825403,-0.3628714234939889,-0.3669692013447337,-0.3522392981288556,-0.28634932861108736,0.07311241709685327,0.29182663782370194,0.2269951273487255,0.05014256870878952,-0.3371299251236243,-0.3413918351819983,-0.3397813856350565,-0.34913831917531324,-0.3598830333826981,-0.3537821536989317,-0.3778780439034877,-0.3575491313445225,-0.32694668262615195
Expanding Mean 16 statusN,-0.3345891894992504,-0.35304346304749634,-0.3704813770833017,-0.3793991063703257,-0.37705325537212697,-0.3182232969678651,0.04538107776103208,0.2806548539465802,0.2454618590897705,0.04140214932647692,-0.3360747793845485,-0.3413626935646992,-0.3405594910192649,-0.3549071631708905,-0.36283813116158303,-0.3723729577381014,-0.3838521753802064,-0.3776137008509848,-0.349825564981933
Expanding Mean 24 statusN,-0.3118075884050786,-0.32558836931074897,-0.3392513334521343,-0.3445124775207804,-0.3401387539890737,-0.28891116205456896,0.03808587094556839,0.24985218250819274,0.2136712558518852,0.03053016050803755,-0.31284069611466553,-0.3168864956883893,-0.3155695413791643,-0.3264913306983179,-0.3351605133023817,-0.33581640368813953,-0.36213301308653023,-0.3590113743627228,-0.3306593607358333
Expanding Mean 48 statusN,-0.26422323267954223,-0.29903261128295544,-0.3338241625609443,-0.36096600324703537,-0.44004909113688667,-0.4558255246065018,-0.13790326486124338,0.1901817123141014,0.36587935173606895,-0.0015649228315709955,-0.2670298800806155,-0.27638769590670864,-0.2755863326556675,-0.30355494501909724,-0.3266648744796681,-0.34256155128257404,-0.39805759673454383,-0.4920117131262285,-0.4442525583266165
Expanding Mean 96 statusN,-0.23853735958542274,-0.2712736797837117,-0.3026230148444308,-0.3284182038606526,-0.4020575598760535,-0.4195590713222253,-0.1611798359523912,0.12723379759901005,0.32297313967137153,-0.02490172143571985,-0.2410928267534445,-0.24962802822974894,-0.2487533073299085,-0.2748567681552658,-0.29514752114323073,-0.30979352533295795,-0.3573265242319925,-0.4392611067518511,-0.4234170626267793
Expanding Mean 2 statusS,-0.10257161622994897,-0.10414397294661684,-0.10484757681691442,-0.10491483908616064,-0.09646864281220008,-0.08106533442671153,-0.008662770388310221,0.028803344281426783,0.015686506240213078,0.0035144063131091656,-0.1026672334886915,-0.10310540403322202,-0.1028340766314158,-0.1034716604337637,-0.10391116705993401,-0.10177486594867084,-0.10713420484964653,-0.09901981419110377,-0.10266716605404062
Expanding Mean 3 statusS,-0.1027396920074823,-0.10452922199351918,-0.10546506260268318,-0.10569805889696526,-0.0979345498706814,-0.08291563241091257,-0.010707588342606468,0.02758191318462556,0.015811862870423504,0.002309471122258025,-0.10283536050979973,-0.1034448494375118,-0.10303353079239676,-0.103846061658093,-0.10461904812252247,-0.10224570456088183,-0.10815179955994267,-0.10020126631961536,-0.10380903687471092
Expanding Mean 4 statusS,-0.10072075487585863,-0.10239773894766127,-0.10330633694259644,-0.1035261225598272,-0.0959538766395081,-0.0811724277105645,-0.010235593111611138,0.027308784153700152,0.016059769745177258,0.002947787449159813,-0.10082472831436827,-0.10130575681315064,-0.10106579621917074,-0.10179456968447874,-0.10259961732464057,-0.10015416699991392,-0.10600750246047017,-0.09804634971516728,-0.10104137121947647
Expanding Mean 8 statusS,-0.09862770654028244,-0.1009299397332586,-0.10224044183321417,-0.10321774845861542,-0.09813319323776364,-0.08482655930369275,-0.01631199047625602,0.022886713484893226,0.01607904091374646,0.0026487685886252203,-0.098753565287364,-0.0994729733920973,-0.099070025645533,-0.1004760871155392,-0.1021525131015616,-0.09898258110034824,-0.10582868898712587,-0.09723808751411996,-0.10037795279631724
Expanding Mean 12 statusS,-0.0950553487637996,-0.09815743887139844,-0.1001650394497215,-0.10174180101447004,-0.09940608706354373,-0.08759983619901424,-0.02039717561851932,0.0229021323247628,0.025903476160713697,0.009108029788971914,-0.09521673489498736,-0.09619309121229204,-0.0956450268779865,-0.09758211387686948,-0.10011156575796147,-0.09597158203449843,-0.1050376048599976,-0.09716103771666236,-0.09896057657270198
Expanding Mean 16 statusS,-0.08594428275891572,-0.08962024518913357,-0.09166132121847413,-0.09385977723967044,-0.09528676074110254,-0.08754426849937852,-0.02801400768316608,0.012733088109437006,0.01918165038496767,0.0023965679576693397,-0.0861706445753496,-0.08714465250076289,-0.08677024534674263,-0.0888957955150595,-0.09096242724408543,-0.0894107227594968,-0.09660298869268844,-0.09346648869948868,-0.0955893126637286
Expanding Mean 24 statusS,-0.081480958371809,-0.08465206377799764,-0.08643432562832604,-0.08847264928554613,-0.08869719088033763,-0.08137985062710089,-0.026221915577046128,0.011674459763370872,0.015838493463284514,0.009746595177373514,-0.08167106861424886,-0.0825556975559817,-0.08222321983130082,-0.08448322328346346,-0.08672790168418297,-0.08326431473034572,-0.09354018820025536,-0.08736330098719615,-0.0884888169390763
Expanding Mean 48 statusS,-0.10411132637489458,-0.1072601864418616,-0.10851321969042828,-0.11034440221566452,-0.1076576501229585,-0.09633780829881294,-0.04202521538123311,-0.009882309026092674,-0.005163974224590087,-0.005461646734818445,-0.10428631115674684,-0.10514384928426633,-0.10459243309371932,-0.10630417105390466,-0.10810026188318912,-0.10732412295388964,-0.11284857458635054,-0.1042381275123858,-0.11530871255229225
Expanding Mean 96 statusS,-0.11189670141703204,-0.11827487181072678,-0.12193904127822425,-0.12711255483143907,-0.13470055908479872,-0.12922405653456331,-0.05317951022421282,0.01059735669297101,0.02549410391761168,-0.029321817036097837,-0.11230479063264197,-0.1141401223921398,-0.11339300130259355,-0.11757049211626515,-0.122023193941507,-0.1235086927635325,-0.13111365036760889,-0.1377074525075577,-0.14108735491108282
Expanding Mean 2 tempC,0.999915445596612,0.9944588385514576,0.980088028740623,0.9593204060019098,0.8084683437054484,0.5747448868953309,-0.22623685553209066,-0.4623645538521024,0.16113417708023345,0.31822984982190994,1.0,0.9987609744297716,0.9990837225180648,0.9915208854879248,0.98003707059063,0.9686770602716578,0.9320377395372786,0.7210058319875238,0.6708488195907603
Expanding Mean 3 tempC,0.9986308241323166,0.9963944339755346,0.984308842085781,0.9655893078629096,0.8212922282558769,0.5919879673294224,-0.2112245523467392,-0.4591173005546909,0.1464229181986883,0.3195190594815828,0.9987609744297716,1.0,0.9983281522196752,0.9927295091673406,0.9840341331331712,0.972776793196482,0.9388647109141548,0.7348282129411858,0.684369775587459
Expanding Mean 4 tempC,0.9987027328782478,0.9956942301315116,0.9838031004192046,0.9650017394459952,0.8206220125347241,0.5913866127236607,-0.21308065266569212,-0.4611110147474573,0.1455752591382062,0.31782298079379234,0.9990837225180648,0.9983281522196752,1.0,0.9936762854562315,0.983748837307837,0.9734456997419882,0.9379803713512292,0.7338228938702729,0.6829377459434679
Expanding Mean 8 tempC,0.9906760454099603,0.9947778631326584,0.9909814095750988,0.9790059882796278,0.85686878005946,0.6428559548991647,-0.1631624928177553,-0.4456824624065909,0.10215422593852233,0.32245749549620323,0.9915208854879248,0.9927295091673406,0.9936762854562315,1.0,0.9883242061128956,0.98668799295925,0.956788978130742,0.7748765894737321,0.7238242432984641
Expanding Mean 12 tempC,0.9787029978867532,0.9891117038851001,0.9914126517418356,0.9855366761433128,0.8846163604019741,0.6845232980773879,-0.12115244080265927,-0.4330526435395813,0.061571999778229136,0.3234054715520621,0.98003707059063,0.9840341331331712,0.983748837307837,0.9883242061128956,1.0,0.9820275034833698,0.9692045814092712,0.8063009531020667,0.7545904731409623
Expanding Mean 16 tempC,0.9670158967804696,0.9813218366196867,0.987014187075204,0.9850629938380272,0.8992006744625333,0.7139615354260955,-0.07874234782752229,-0.4072368639782986,0.043574452742056936,0.3335962955418678,0.9686770602716578,0.972776793196482,0.9734456997419882,0.98668799295925,0.9820275034833698,1.0,0.969147349487534,0.8334452429442384,0.7828836936669308
Expanding Mean 24 tempC,0.9299410586520028,0.952256511214939,0.9674290991784,0.9751172437060188,0.9343203152059528,0.7885759272704241,0.017776518929869874,-0.3637153117236537,-0.035613952728966045,0.3354188046959277,0.9320377395372786,0.9388647109141548,0.9379803713512292,0.956788978130742,0.9692045814092712,0.969147349487534,1.0,0.9031806023998878,0.8501127871353281
Expanding Mean 48 tempC,0.7168364710363003,0.7660348631740419,0.8101327260268808,0.8481426189453524,0.9401351020661654,0.9229089772104314,0.3130796814113974,-0.17899008792081422,-0.2525005004204703,0.3210448423816698,0.7210058319875238,0.7348282129411858,0.7338228938702729,0.7748765894737321,0.8063009531020667,0.8334452429442384,0.9031806023998878,1.0,0.9509960529014078
Expanding Mean 96 tempC,0.6667777002441986,0.7155185677440394,0.758736357787667,0.7985425176901767,0.9022985566214864,0.9113921962004636,0.4513017149881756,0.009582603457109429,-0.16744942148511568,0.4287020501723977,0.6708488195907603,0.684369775587459,0.6829377459434679,0.7238242432984641,0.7545904731409623,0.7828836936669308,0.8501127871353281,0.9509960529014078,1.0
Expanding Mean 2 windspeedMiles,0.058152339090280836,0.08641693475798287,0.11033380659232436,0.13358084054174585,0.1919709090914662,0.18988374539529884,-0.14898034912394587,-0.4573982575925558,-0.5611442666965574,-0.3045154441339749,0.06098983269031705,0.0678032596791737,0.07042779184804622,0.0887607426451644,0.1074271507626429,0.11056835027548256,0.1306622750601403,0.19299669464412392,0.10015293856571444
Expanding Mean 3 windspeedMiles,0.04863759753273172,0.07777227099513702,0.10241863226021644,0.1267209216434186,0.1895481031021317,0.19238953339280448,-0.13668300087679922,-0.44751381935286666,-0.5683349870521343,-0.3053139311145752,0.05150520148070007,0.0588846449891408,0.06102583855279039,0.07991284252996174,0.09955259462726376,0.10335176873216906,0.1252429836242276,0.1931765895977948,0.10192085725986748
Expanding Mean 4 windspeedMiles,0.05491008053407298,0.08341091246305883,0.1077570942427934,0.13133935894330792,0.1913500265147792,0.19110332015916368,-0.1442223272193729,-0.4537037337394724,-0.5637846675685078,-0.30465637733991724,0.05778604328600991,0.06463737092600523,0.0673666311108793,0.08602018094615106,0.10486711355844776,0.10833109190508483,0.12898267433964994,0.1934687336392829,0.10117396678385578
Expanding Mean 8 windspeedMiles,0.02785427567230413,0.05839091799308936,0.08508301029462101,0.11112028970863297,0.18223505200805531,0.1947630632194642,-0.11221713705910236,-0.4254380664984324,-0.5796572563041057,-0.3050972257681154,0.03087605568248857,0.038195101962287176,0.04088139930485008,0.06309902155659577,0.08160378488216168,0.08892032781766195,0.11346941951748125,0.1930355759551416,0.10562309401932604
Expanding Mean 12 windspeedMiles,0.0012063350012458947,0.03363658125563372,0.06217447930839126,0.08998793943246136,0.17078964464168053,0.1956988447268218,-0.08336718523879974,-0.3984319887987455,-0.5941425904866681,-0.30833880727282503,0.004393420877431499,0.012544317930450643,0.014906539575537463,0.036539267171291814,0.062081230965686386,0.06642898040400608,0.09762910360357124,0.1924852816325071,0.1071162708962022
Expanding Mean 16 windspeedMiles,-0.02472622916641732,0.008229208800406465,0.037597926248763285,0.06678603375504343,0.15465103526376955,0.18910157538013933,-0.06370835310805834,-0.3755335556796113,-0.6025841744045647,-0.3134060981197189,-0.021576000612957245,-0.013296189116814277,-0.011128437064862363,0.013110321256154292,0.03564430973006877,0.04707108919680407,0.08078618746180624,0.1872526914426188,0.1040613237005609
Expanding Mean 24 windspeedMiles,-0.07660741002648783,-0.04169298986564736,-0.010102132945997148,0.02188329814024377,0.1267766462394635,0.18254012422386132,-0.0208924287387184,-0.32530797208945456,-0.6140530299419713,-0.3133938282439709,-0.07332186015577183,-0.06465970014376064,-0.062441397728484935,-0.03665954839391162,-0.012410105741598832,0.0018056824442747726,0.045511814373505766,0.18241236369168434,0.10508276478804547
Expanding Mean 48 windspeedMiles,-0.10578156557844087,-0.0714333885702198,-0.039973286782906535,-0.007675634335021096,0.10146810594422713,0.16610992753644194,-0.004822948725985197,-0.2965549316051986,-0.6088845786086615,-0.3187188164227417,-0.10267258267072632,-0.09394677888351886,-0.09225305530026956,-0.06569115762222744,-0.040936485393976985,-0.026300297575144918,0.024815996567394544,0.17417570784829312,0.10131890487653697
Expanding Mean 96 windspeedMiles,-0.2376636663946965,-0.21527201594734266,-0.1957964066537249,-0.17282606814937632,-0.09058926507587173,-0.028421444614812764,-0.05414845875589056,-0.219921273150176,-0.5161964652868273,-0.3675811981325923,-0.23561058550042,-0.23015389823806984,-0.2284571940148225,-0.21193744795158384,-0.1946522927940638,-0.18676695649368968,-0.1569871357874348,-0.03684642897407536,-0.085025936499283
Expanding Mean 2 precipMM,-0.04581065048242754,-0.014061626502549529,0.012690182275600127,0.043419945813381766,0.14170864907633765,0.19418712735708246,0.032244366425524376,-0.21771980057482584,-0.4222680675770452,-0.10346984666568496,-0.04293724166481725,-0.034888213551263585,-0.033240971389158026,-0.010670810898310113,0.01114369442995465,0.020801553969329648,0.04954767295451477,0.16919971070422435,0.11733349488514774
Expanding Mean 3 precipMM,-0.05246702230928419,-0.02047801112470197,0.0064877787847131465,0.037778156451738105,0.13869905936790028,0.1943979869578608,0.04019135009570803,-0.20956044927453565,-0.4239909680463961,-0.10222495498613172,-0.04957979451035967,-0.04140325415556445,-0.039797967354334544,-0.017028940415391963,0.005068190012067353,0.01523224022044764,0.04496871112477238,0.1679055287555939,0.11731220917742778
Expanding Mean 4 precipMM,-0.05165080991485718,-0.019872981444017303,0.007091549096324768,0.03799330428474604,0.1377002902007886,0.19228838868949394,0.03701390522780502,-0.21206968733058806,-0.4234040218474169,-0.10379554518481868,-0.048769446729281324,-0.04071334878259526,-0.039064450281493135,-0.016313428921766262,0.005550299879370922,0.015489411130537747,0.044669461425986726,0.1665934712042151,0.11594163225303708
Expanding Mean 8 precipMM,-0.07267111755160734,-0.04031519155687115,-0.0129635800097687,0.01871994373666265,0.1233033439841436,0.18526168583961136,0.053595400166567664,-0.19121878206446571,-0.42588034399362745,-0.10235049488372053,-0.06974836383354675,-0.06154004632291438,-0.059882316945831585,-0.036350416606027385,-0.014447240199630432,-0.003276399110722252,0.027350800803239,0.15746014521990198,0.11040168819365566
Expanding Mean 12 precipMM,-0.08868506364248024,-0.055466181761833794,-0.027336049499355232,0.005296063444566596,0.11501053217962405,0.184818521423648,0.07202995700139497,-0.17068230736726914,-0.4276311494632124,-0.0992206312466188,-0.08568848477393093,-0.07719237266526066,-0.07562218799218741,-0.05175516266647345,-0.028001714111764657,-0.015558823857491659,0.017827643511619848,0.1568926848307042,0.11219388367954697
Expanding Mean 16 precipMM,-0.10925027751467538,-0.07672225809685755,-0.048944427734150496,-0.01632831606872593,0.0958674006878336,0.1699801267209088,0.0796333445518834,-0.1528558306519025,-0.4235377851693655,-0.098380116816186,-0.10638466124014136,-0.09783559440355616,-0.0967208147286982,-0.0729059358366854,-0.048169679395583434,-0.03735737634545463,0.0015078319475439175,0.14412072468556195,0.10247377679224436
Expanding Mean 24 precipMM,-0.1442718814536576,-0.11151475071401132,-0.08395407603080217,-0.05066460089255502,0.06733822177406401,0.1522352458436213,0.0947038060760059,-0.12333794279609064,-0.4210643628987912,-0.09809761080039524,-0.1412987324693029,-0.13296659474572994,-0.13124498279236374,-0.10763780693573016,-0.08496893065000638,-0.06732410965284659,-0.03264815423751958,0.1277841384683097,0.09152418891093668
Expanding Mean 48 precipMM,-0.12484149413660528,-0.10090880970006234,-0.08160876198123677,-0.0570842689056339,0.027500716937786725,0.08702541627343374,0.03075709658779834,-0.14096414249299175,-0.3584743236310569,-0.08282337395449361,-0.12273766040540646,-0.11645936403658932,-0.11544883308112144,-0.09774266886799884,-0.07952653004027566,-0.06962974717851915,-0.03887809633998655,0.08368419825834889,0.055583430082197016
Expanding Mean 96 precipMM,-0.1633250545276673,-0.1441338506532134,-0.12999610982922652,-0.10919765143013983,-0.03610113200378879,0.020257706365359646,0.010979113995326244,-0.11243164963814437,-0.3102056180934854,-0.07035146844252277,-0.16162842465211893,-0.15663112133824725,-0.155621946270701,-0.14191932588983233,-0.12665453458149292,-0.11910268620971008,-0.09678260059440254,0.014015894812361051,-0.005898635053077452
Expanding Mean 2 humidity,-0.9146423812089198,-0.9077360252645011,-0.8916704288115522,-0.8714266043718272,-0.730760921679116,-0.5172916148082036,0.19313627340189016,0.3735153683528709,-0.24391710617573584,-0.3620949318161921,-0.9143370586619936,-0.9129411237636722,-0.9121926978031876,-0.9046399345456136,-0.8930655937461717,-0.8823369564406206,-0.8499586992713064,-0.6463436019754875,-0.6106012775282512
Expanding Mean 3 humidity,-0.9149364239383746,-0.90932412545528,-0.8946645967044276,-0.8755441401346052,-0.7390279398307344,-0.5282402095708036,0.18435976674528345,0.3725087417967491,-0.2340814820515241,-0.3625007584871836,-0.9146380885647204,-0.9143141490555926,-0.9127939100974988,-0.906144325612624,-0.8960622637411959,-0.8852990830357277,-0.8547847464200597,-0.6552382355029798,-0.6189799207004838
Expanding Mean 4 humidity,-0.9150188347933441,-0.9100634143788708,-0.8968343326489714,-0.8786690314304051,-0.7456077653537511,-0.5371942781794512,0.1772373919682873,0.3720012769513229,-0.2257123056825865,-0.3625670378576181,-0.9149584482423918,-0.9139591780237694,-0.9141289482262284,-0.908169492342957,-0.8983351124176283,-0.8886390170424422,-0.8584666076786703,-0.6623328973623679,-0.6255369679304646
Expanding Mean 8 humidity,-0.91250981959821,-0.9122372513886848,-0.9041165763558292,-0.8909074075149832,-0.7745970587566491,-0.5779191718544261,0.14018170580853276,0.3629835552541919,-0.1906295977664445,-0.3660357869006236,-0.9128021155810484,-0.9129575313585362,-0.9130312504317852,-0.9143881623596284,-0.9041386320580012,-0.9004026671705955,-0.8751647239818908,-0.6955314165379664,-0.6573116316672304
Expanding Mean 12 humidity,-0.9061514955567842,-0.910467464777766,-0.9067958255121146,-0.8979162282784185,-0.7978622130411323,-0.6126430392462312,0.10693976649118304,0.3562412797272511,-0.15485853467467592,-0.365703672744682,-0.9068486920536288,-0.9089073096002634,-0.9083464015461188,-0.9093734598981826,-0.9144314082326824,-0.8990387628313895,-0.8873321456757511,-0.7224764554640793,-0.6819241390497968
Expanding Mean 16 humidity,-0.8970566496061984,-0.9053561629596945,-0.9052056359408956,-0.9001458970742141,-0.8142939144170758,-0.6430021292193476,0.06786952589908259,0.3367160655190418,-0.13113329697035422,-0.3733950954672263,-0.8981362487986231,-0.9005113453301213,-0.9009169080971228,-0.90910230793768,-0.9026838969865651,-0.9150263200606202,-0.8887178406614501,-0.7488984467540595,-0.7079881578312566
Expanding Mean 24 humidity,-0.8733608311956971,-0.8877208427005471,-0.8949819435720489,-0.8971841159478879,-0.845233613742399,-0.7039102385546746,-0.008832719740770103,0.3024926136044845,-0.07020300499544589,-0.3778954142607361,-0.874748684678172,-0.879300033829557,-0.8783346260440182,-0.8911177024365479,-0.8983845479044797,-0.8957602842858067,-0.9197915897020504,-0.8083039781969089,-0.7656933934665818
Expanding Mean 48 humidity,-0.6960713929881909,-0.7386497356656921,-0.7756401694042706,-0.8083239315077954,-0.8863856668210324,-0.8674642306276148,-0.309847769478324,0.12716416869212305,0.1596212124663454,-0.36985609169670375,-0.6997451069613706,-0.7115685709547398,-0.7107421212957223,-0.7466819935836168,-0.7736330085412095,-0.7971038900629818,-0.8627558165453815,-0.9332107126471374,-0.8975532646923319
Expanding Mean 96 humidity,-0.6207746205622107,-0.6631125607313271,-0.6996763065754754,-0.7345352256137883,-0.8265774793443051,-0.8364427689032259,-0.4297765037572722,-0.03974884098230886,0.10366694429166302,-0.4525376494023068,-0.6243673733686647,-0.63598157295399,-0.6347528457236651,-0.6708641351050969,-0.6977406257942924,-0.7223335266450928,-0.785846375836982,-0.8675742943306136,-0.9155678917774496
Expanding Mean 2 visibility,0.07993969376179644,0.0548060599807284,0.03283592562811958,0.008385908461546248,-0.0721106239620792,-0.12107373582487035,-0.004458543680781607,0.19745119601021746,0.3659170733271063,0.12396380224803526,0.07765028720791096,0.07144489532843884,0.0699000888817766,0.05205811420271025,0.034558019692214816,0.027289208905228284,0.002749615263727282,-0.09969924757713172,-0.04852123950928276
Expanding Mean 3 visibility,0.08572582639825782,0.05990177345210013,0.03760678993096987,0.012124023762617288,-0.07197184632078786,-0.12503975764799616,-0.01837680043322324,0.1850446365389184,0.3685144332184702,0.11892940143877838,0.08343232003582148,0.07671811304001876,0.07550722041643095,0.0571242741760125,0.03920657030607831,0.030997540374900705,0.005884542310159649,-0.10115342241837426,-0.052612624658698516
Expanding Mean 4 visibility,0.08172866358505909,0.05657929419814499,0.03456365231037715,0.01004356232867951,-0.07079601997550995,-0.1203285130709535,-0.005644526950249521,0.19598657854527288,0.36641118986309895,0.12411716905187993,0.07943568599777581,0.07322624013830965,0.07168655222962636,0.053824149197763536,0.036274680495703315,0.028990873050871183,0.00437674088838442,-0.09878541371428064,-0.04809001940287425
Expanding Mean 8 visibility,0.0967952395672524,0.07048249283702361,0.04771685858939007,0.021786720127063043,-0.0654689562766379,-0.12190618620134915,-0.02793850208376734,0.1756718415013674,0.3750945158645455,0.1195413343858167,0.09446107922287228,0.08781568312693701,0.08654089564737663,0.0671412317876601,0.04946773512461779,0.040612073877160614,0.015561396562799732,-0.0959590081337383,-0.04970771829025903
Expanding Mean 12 visibility,0.11088174065854553,0.08366409981469035,0.05986138391926968,0.032751321379482286,-0.061212484386268924,-0.12752005292636698,-0.05999912109201276,0.14037893513362915,0.3712657908019933,0.10431252451968924,0.10844399223898077,0.1013613937878463,0.10021481991013534,0.0806575412279796,0.06028096764304833,0.05023592858207608,0.022221770654482647,-0.10195364209092232,-0.0636041643903379
Expanding Mean 16 visibility,0.1302907842582497,0.10305407139834646,0.07950317891644254,0.05192435371239669,-0.04540476249302696,-0.11458268265978824,-0.055397924958899766,0.1424206848334157,0.38345567898768623,0.11775401394112167,0.12789609009182806,0.12083183574619386,0.1198410000378841,0.09930845633426756,0.07913403169265909,0.0687256862749356,0.03723992413425567,-0.08930529692742482,-0.05103119722657979
Expanding Mean 24 visibility,0.1546418246802417,0.1265476019736357,0.10209286758222154,0.07302006411080741,-0.03263193541514668,-0.11452262344827815,-0.0967921767831106,0.08799919583396651,0.3720733287504388,0.09547112619484037,0.15213759269220026,0.14492272227908778,0.14362267637219125,0.12279095421862272,0.1030619317896148,0.0866017396963826,0.054460879128298126,-0.0938929170349618,-0.06920547014793113
Expanding Mean 48 visibility,0.12946948321913854,0.1089935683449388,0.09194420823301212,0.07075957829307791,-0.003923975610696752,-0.06062985076289335,-0.03147910070370158,0.11877460165113805,0.3330757786617829,0.09709596794584964,0.12768295018536316,0.12223810112156708,0.12162458707960765,0.1063358860420387,0.09034023250553233,0.08128430922966752,0.053864047546251535,-0.058160532420721237,-0.04387143885118277
Expanding Mean 96 visibility,0.13783187206706027,0.11980911372541192,0.10536736019685007,0.08662867458381136,0.020847298545035017,-0.0282741596224828,-0.0002481398923807582,0.1289842728579335,0.3188381453699697,0.10271729284755887,0.1362333510627171,0.13133098893012973,0.1307277872853228,0.1175775807453996,0.10256444503291362,0.09501512554208072,0.07079269225264072,-0.03472610781905787,-0.009851089791776502
Expanding Mean 2 pressure,0.004856284312832101,0.00018117953158196278,0.0031579514084335947,-0.002894271899003363,-0.010526606575587143,-0.0006319871982295959,0.13507892682082426,0.228442444657767,0.19106425006870809,0.056983482354740114,0.004133619307540849,0.0031933886733469066,0.0010246320973814312,0.00022159127379782045,-0.002795360672796843,-0.0011365844491142516,0.00415423403605532,-0.015175356990407647,0.029148817552466483
Expanding Mean 3 pressure,0.006061661903579283,0.001136941151866525,0.003968349645414579,-0.0022766098407512557,-0.01102298516490437,-0.002537244154022332,0.13090232768816026,0.2263860949967136,0.19512159041282973,0.05766114160760685,0.005337906497374363,0.004225839268503957,0.0022002198628319146,0.0013101698834547995,-0.002006629331811879,-0.0004640556136545363,0.003943541079668781,-0.0170429613693388,0.026229586700028857
Expanding Mean 4 pressure,0.005220138042961585,0.0005159236307559109,0.003442125406895144,-0.002648596925654914,-0.010502545160403751,-0.0009029222256155812,0.13422589450714995,0.2279415945471001,0.19187194643699146,0.05713520211381817,0.0044905538907602715,0.0035484331005051772,0.001374682740361995,0.0005114086462205198,-0.002517364126661437,-0.0009106926479809848,0.004220984560917581,-0.015474555738765572,0.028617640431713963
Expanding Mean 8 pressure,0.008390132302069742,0.003158161672473317,0.00552689441020269,-0.000985900059539906,-0.010887417255927052,-0.0040012118147174855,0.12524378213896747,0.222359468790988,0.2009437307824456,0.059330796890546586,0.00762075816960618,0.006568063943702261,0.004393423823126079,0.002600555937958025,-0.0003053718327599817,0.0007344343470707374,0.003828892722564233,-0.019710702258500568,0.02127425674944328
Expanding Mean 12 pressure,0.013239993554626493,0.00746459704670454,0.00929902421038563,0.002302016758692197,-0.010258715003257752,-0.007282103356001215,0.11396605474298947,0.21467087131224824,0.21006957236259324,0.06070620213678241,0.012427242759409006,0.011127310199544473,0.009107762833047523,0.007352668458228496,0.002533766809209101,0.004577519199740109,0.004806108096765871,-0.02343606034162545,0.015783216182573008
Expanding Mean 16 pressure,0.019093549655711674,0.013046923429748794,0.014528464368542169,0.007174806973230453,-0.0070866915212645844,-0.006582561218902422,0.10713072939656447,0.20656792274878866,0.21464142780226894,0.06205938082627361,0.018259326938862924,0.016885058075976376,0.01486207385965342,0.01226056820413347,0.008466726404852862,0.007946671974262567,0.00809298155914589,-0.02511870604083721,0.01065088232414436
Expanding Mean 24 pressure,0.02511457640691149,0.017778623292996468,0.017910358359790792,0.009416269597736652,-0.008531687837764363,-0.010556795264038223,0.09588521506615708,0.195283955347886,0.2258734953483489,0.06384832237267883,0.024238399853030525,0.02243682245325833,0.020678596824409604,0.017100743556328568,0.011537442275105107,0.011898802464716664,0.006724333844765597,-0.03387805269553862,-0.004781171745926497
Expanding Mean 48 pressure,0.045979269174166094,0.03531903499314235,0.03198821518757858,0.02023532939493804,-0.010985477928203927,-0.024776945532285082,0.06788276828071878,0.17952488925133905,0.258453508755719,0.07897652103197138,0.044822457639071805,0.04214621476251668,0.04038103203306869,0.033973923318300625,0.02622790642639105,0.023639503523566058,0.012767579825566092,-0.04742063704972956,-0.022581032262211875
Expanding Mean 96 pressure,0.10422325974257396,0.10012419525675273,0.1033152927082171,0.09702272230063476,0.08303111798197245,0.07577735732903179,0.11316042568128536,0.16109005981895694,0.20974539114445284,0.10626166267715448,0.1036499128391842,0.10269839205019818,0.10095116508629386,0.09993109656877948,0.09655547133387896,0.09728048774681174,0.09643365294873264,0.053361451965141415,0.07135579560287779
Expanding Mean 2 cloudcover,-0.2081798226006812,-0.19759060082558014,-0.19143073076004846,-0.18072484946654732,-0.1477768176897789,-0.13203324429208,-0.2123368913182124,-0.3059465720025191,-0.3597717319144237,-0.2958503283581447,-0.2069936200926692,-0.204248596406884,-0.2026479484566912,-0.1971127844889175,-0.18723906143386665,-0.19017134871462196,-0.18437307601336056,-0.12453228904131268,-0.19001856509288945
Expanding Mean 3 cloudcover,-0.210060985415168,-0.19942771413193905,-0.19322112265553126,-0.18241166875425247,-0.1488879110470269,-0.1323509050349194,-0.2106581415776705,-0.304581066550198,-0.3608239937501673,-0.2961755300217193,-0.2088740265600048,-0.20609362311465731,-0.20452032673818013,-0.1989308014037796,-0.1889975837054767,-0.19184344737951955,-0.1858258509878125,-0.12528483288640468,-0.190639559840138
Expanding Mean 4 cloudcover,-0.21204318709044945,-0.20136786404646145,-0.1950782706242336,-0.1842081337343612,-0.15008829779201452,-0.13272025280096192,-0.2089818074671436,-0.3031137659691641,-0.3618269309254048,-0.2964302651745904,-0.21084114352643754,-0.20808990636193392,-0.2064446528855105,-0.2007504018992098,-0.19084314300714664,-0.19353696472794213,-0.18734525914344705,-0.12608386911075384,-0.19132422728817666
Expanding Mean 8 cloudcover,-0.22025799120611814,-0.20944012445754312,-0.2029908589050821,-0.19187508536706646,-0.15601118450345036,-0.13584198857766772,-0.20370549980512745,-0.2978114422376684,-0.36573071537633584,-0.2982557864775454,-0.21903981449206286,-0.21624249974818813,-0.2145872480630412,-0.20855754428116008,-0.1986857178432643,-0.20091303594957527,-0.19412320165157207,-0.1303074182034083,-0.1951816944002844
Expanding Mean 12 cloudcover,-0.2277495722101078,-0.21677342270644465,-0.2101907579984992,-0.1987787163961133,-0.1612418016293206,-0.1378208543987317,-0.1965133097968828,-0.2909532983065136,-0.3688787907703138,-0.29891570571324244,-0.22651344540167245,-0.22365534340480486,-0.2220213262717435,-0.2159830843858364,-0.2053850711492952,-0.20759369642004666,-0.19974755321951304,-0.1328269753834421,-0.1977495220487336
Expanding Mean 16 cloudcover,-0.2389121412703145,-0.2280784029446423,-0.22166143806727365,-0.2101464856873355,-0.17099441933295798,-0.14520360878946384,-0.19396857481348131,-0.2862991733189324,-0.37451691614718297,-0.3033312818588966,-0.2377084740626128,-0.234785449235529,-0.233294493534259,-0.22720134889412424,-0.2163258203444476,-0.2183017011805376,-0.20951792710844688,-0.1399119496505004,-0.20500490045910988
Expanding Mean 24 cloudcover,-0.2522559065943017,-0.24159950253128346,-0.2352967567868643,-0.22377469064870045,-0.18329253330576228,-0.15410099572004074,-0.192112162924298,-0.27960530502860825,-0.3749941039280268,-0.3074212231051616,-0.2510177011102787,-0.2482356850657513,-0.2465279347877671,-0.2406843042145893,-0.23040373004163706,-0.2309154628682187,-0.22256780396389286,-0.14785901505681182,-0.21394093446262746
Expanding Mean 48 cloudcover,-0.2493575584289879,-0.2395036411723712,-0.2341242702512573,-0.2233946493149404,-0.18599049524627675,-0.1584819862689983,-0.1933392113965169,-0.2816834979276962,-0.3904039312339682,-0.3102396630832082,-0.24823193887148304,-0.2454806012766053,-0.2441458729970366,-0.2384185197561553,-0.2281520753516029,-0.22950402732657224,-0.21822041842275194,-0.14686237986979447,-0.2059911312903048
Expanding Mean 96 cloudcover,-0.31667053539116263,-0.3116140726626443,-0.3107732696618067,-0.3042832072369472,-0.28024730632605616,-0.25856986213580835,-0.25775635092947635,-0.3059737586020124,-0.4161107468451746,-0.39488054098308817,-0.3159642596822048,-0.31463029628175543,-0.31308936351953964,-0.3114610286041489,-0.30432799680773376,-0.3096647065959812,-0.3031523099975104,-0.2471671819094875,-0.3176300296495475
Expanding Mean 2 heatIndexC,0.9736775380023064,0.9658899079997356,0.9498462122018316,0.9257777744127498,0.7593802794446697,0.5106009205902772,-0.3094172567653965,-0.5317190322612896,0.1497436594892586,0.2597062923864628,0.9734125787855455,0.9719333462734472,0.9716904805190142,0.9616016948352312,0.948670458716824,0.9349025591843181,0.888804454139643,0.6648819462195018,0.5983247853600505
Expanding Mean 3 heatIndexC,0.9741011990689176,0.9682131850152316,0.9539849467174412,0.9315466430136836,0.7707664647705729,0.5254885300867531,-0.29704320126781714,-0.529726033361909,0.13660278808444712,0.2603639018249118,0.9738620858259606,0.9738377340278332,0.9724655126541236,0.9636475319335208,0.9528633063507296,0.9390060698950388,0.8951584909975483,0.6767660975595164,0.6101251746513692
Expanding Mean 4 heatIndexC,0.9737718370705398,0.9680548143296668,0.9550757961612862,0.9332319161001164,0.7747854708833988,0.5311235785016025,-0.2924702637935952,-0.5293387027872027,0.13124925449713326,0.26048048474689395,0.9737546928587836,0.9727413459812628,0.9734348540137452,0.9649485664276201,0.9540805875972675,0.9412332970877184,0.8966973214281078,0.6807652347710449,0.6140677689980835
Expanding Mean 8 heatIndexC,0.9713654338439242,0.971858442744748,0.9655236970776372,0.9500856755341052,0.8132053240190841,0.5836225052296108,-0.24583029707026194,-0.518287776291591,0.08620168526990675,0.26395235842299875,0.9717941979714344,0.9722192633343948,0.972744275039095,0.9738806560554416,0.9621791838296788,0.9568714454549234,0.9181272264899456,0.7230442183008332,0.6560977144819129
Expanding Mean 12 heatIndexC,0.9618145468463316,0.9679420096988236,0.9671325563772494,0.9569810722593188,0.8393912827883309,0.6225526301146121,-0.20749002868829874,-0.5087876064443738,0.045848612953648206,0.26316145923275536,0.9627316662725652,0.9655881476772328,0.9652323018435208,0.965342170668845,0.9736994845201994,0.9528858235846016,0.929066244920022,0.7515304180677251,0.6839382149110891
Expanding Mean 16 heatIndexC,0.9552011329689089,0.9653795025286316,0.9679601426305154,0.9617698129821278,0.8586693887211878,0.6560342934222498,-0.16371411471297312,-0.4828631878523799,0.02722579143925006,0.2755010041481231,0.9564690745683846,0.9595852958798532,0.9601335090071028,0.9689026120690192,0.9622531646664798,0.974318241299475,0.9355130932149582,0.7839576568114125,0.7184418110710161
Expanding Mean 24 heatIndexC,0.9248941815961534,0.9440057752806762,0.956902974204109,0.9612080450685492,0.9060814859915841,0.7440164993268857,-0.061621874157326964,-0.4430125893044688,-0.06306187611669185,0.2775313444373049,0.9266475805064786,0.9325659250854992,0.9316385057584022,0.9469461041534056,0.9569172721587808,0.9538589914485216,0.9748593410944784,0.866276146709665,0.7974269924238594
Expanding Mean 48 heatIndexC,0.7053629565669055,0.7541626543643676,0.7986812842656706,0.8359818737246595,0.9247760089008508,0.9019986857483334,0.2709765365656428,-0.23189238313764265,-0.2940230682450808,0.2754190068679054,0.709497784308567,0.7231756674915656,0.7222514290214719,0.7626029522473765,0.7935961816068549,0.819086686797322,0.8877365870865613,0.9825423305110702,0.9217531940585736
Expanding Mean 96 heatIndexC,0.6564364637260243,0.7047737056771302,0.748412066539211,0.7876191846900943,0.8890037525369721,0.8939150822331243,0.4195676712963807,-0.030398735220159512,-0.20387723825743206,0.3898124296896204,0.6604698582402495,0.6738436618513189,0.6724803254713716,0.7126769922495774,0.742978020048169,0.7699564874163735,0.8365860117565757,0.9377883266759184,0.9800771969260146
Expanding Mean 2 dewPointC,0.3446592201139693,0.3367644364933478,0.3281317367734827,0.3114607591686825,0.21210395723112985,0.08609916391811374,-0.2664050860962037,-0.3603722233402527,-0.057944717331262365,-0.07066108945618144,0.3441551270194001,0.3428204251293581,0.3429373655557589,0.3337156260092364,0.3251935834521705,0.3171950375032769,0.2802472657365551,0.17230324024225546,0.12107878793554565
Expanding Mean 3 dewPointC,0.3482684824746549,0.3421341628810073,0.33472060208568866,0.3195194446328486,0.2231860025830628,0.09741244464799226,-0.2597915924101598,-0.3611580547934205,-0.06770175514700648,-0.07041502430301592,0.3478377924869713,0.3475691652940885,0.34671161500460723,0.33899003430072383,0.3317130001679889,0.32391228307283426,0.2857530302602016,0.1807579436331925,0.13141237511687034
Expanding Mean 4 dewPointC,0.34490615909853123,0.3372541371616158,0.32900915871771746,0.3126025382797661,0.21408022187671616,0.0883640319718202,-0.2647894669614224,-0.3601944050115448,-0.05995479076148669,-0.07068102198782929,0.3444357477663885,0.3431519280981228,0.3433921631996464,0.3343006265050689,0.3261278661659309,0.3181164263434184,0.2809841851359422,0.1737939626594639,0.12293254238954653
Expanding Mean 8 dewPointC,0.34536939354064344,0.3415146363862473,0.3374063118786889,0.3250161910342961,0.23921733790742625,0.1190034253059494,-0.24088474125223824,-0.3559132217289437,-0.08720306762580357,-0.07026478914878884,0.34517543474557705,0.34481061627492865,0.3449725330614017,0.3413971972120565,0.3322483424409007,0.3294361507789734,0.2906965996530916,0.19496895455594312,0.14782159965384445
Expanding Mean 12 dewPointC,0.3507039821963503,0.3501811204931416,0.3492733598476493,0.3399584598849901,0.263231533497425,0.1439403921245107,-0.2275066164444268,-0.3565881368103861,-0.10683809759357936,-0.06995777244191292,0.3508362573870861,0.3517630424003469,0.3516598385558557,0.3463908573016962,0.3512794114523425,0.3338393009732004,0.3013639552521916,0.21149527231983647,0.1706808097487094
Expanding Mean 16 dewPointC,0.33925593087174005,0.33919086382280794,0.33865261239179784,0.3298476003783953,0.2546974658556444,0.1383922838248532,-0.2263339593646108,-0.3525846952679169,-0.10849433280655912,-0.07606846187275132,0.33940373395249857,0.3400239524184763,0.3403973887559271,0.33964234824509576,0.3320184115405488,0.33530406496672943,0.2930371414985776,0.20861974978528336,0.1674328017686129
Expanding Mean 24 dewPointC,0.2843210742113799,0.2913277886992414,0.2988078614706639,0.2983869125023863,0.2630281069034792,0.18323386769356892,-0.13730821440874186,-0.2933435839617984,-0.17359656950711502,-0.07933467880305305,0.28478304701143003,0.2874814712238664,0.2866507277018723,0.29039593513211426,0.2948959330286676,0.2909283862160109,0.2845026069974892,0.251235045544912,0.21834015767234985
Expanding Mean 48 dewPointC,0.17722485126178245,0.1991727284754276,0.22223674671401814,0.2386558887293757,0.27753259323420537,0.2681713004364153,0.01508778984990893,-0.20451915958791067,-0.2810611607044144,-0.08245141903965797,0.17892717940213576,0.18544629957528,0.18494092293446035,0.20149744926099367,0.2167129965374307,0.2257673066483552,0.2486893973411121,0.3106037074204289,0.26481599025922764
Expanding Mean 96 dewPointC,0.2282192591684737,0.2501930035504749,0.2725562546204163,0.2896574905755412,0.33159249283702114,0.32846166503021645,0.10716533653593233,-0.099027901451107,-0.17942651049129327,0.033118065127019945,0.22987567189973024,0.23639638522038706,0.2354967170984376,0.2521928739203344,0.2662730309470528,0.2772192063150517,0.2978448932880707,0.3566051385229917,0.3613749746802402
Expanding Mean 2 windChillC,0.9998189743720568,0.9943691083487168,0.9800473646847828,0.9593042027319116,0.8084322220703417,0.5745425188880586,-0.2268439252202044,-0.4630693855412083,0.16069779839413129,0.3181042850369804,0.999902610481492,0.9986686299308682,0.9989852097251184,0.9914299627735388,0.979991076549412,0.9685685667059256,0.9319844202882286,0.7208866962262104,0.6706490728812914
Expanding Mean 3 windChillC,0.9985454476621064,0.996312541929576,0.9842722868584496,0.9655713910452142,0.8212633582730006,0.5917990383817121,-0.21182622842454715,-0.4598388479804773,0.14594855169361842,0.3193795559775106,0.9986751117492612,0.9999102809941152,0.9982395893248026,0.9926476431822701,0.9839906965087002,0.9726800820298224,0.9388195495043584,0.7347277249611772,0.6841754543016996
Expanding Mean 4 windChillC,0.9986117046206676,0.995603871301788,0.9837563026787346,0.9649767486572628,0.8205835630345443,0.5911845743882427,-0.2136898468927617,-0.4618198619237125,0.14513982813292065,0.3176884000833968,0.9989910629901266,0.9982389999667204,0.9999012359231464,0.993588654993062,0.9836949794291228,0.9733388655788382,0.9379271549696441,0.7337034292791204,0.6827317741276935
Expanding Mean 8 windChillC,0.9906212219570456,0.9947058957821158,0.9909334708202446,0.97896042654983,0.8567732895147561,0.6425740841947476,-0.16386365218975435,-0.4464289726506941,0.10177668399876626,0.3222536043762908,0.9914643389485408,0.9926691017039054,0.9936149746458276,0.9999219833171944,0.9882708841668651,0.986585318511867,0.9567001998892328,0.77470247586221,0.7235340260637697
Expanding Mean 12 windChillC,0.9786286702489392,0.9890235275341182,0.9913525527348921,0.9854761461612368,0.8845409902821763,0.6842929463018925,-0.12188486713774507,-0.4339918451264331,0.06087665558318385,0.3230533160542336,0.9799614864254091,0.9839541538846572,0.9836691958391348,0.9882439838364381,0.9999121017665026,0.9819208339477588,0.9691294080581618,0.8061799565692644,0.7542745830289526
Expanding Mean 16 windChillC,0.9669233464745416,0.9812338284935485,0.9869736812219604,0.985039794371744,0.899205159535679,0.7138577403520994,-0.07929516960934636,-0.408023171442541,0.04285033118779363,0.33335779202779176,0.9685861244541676,0.9726848834447068,0.9733602088525141,0.986610470413776,0.9819610180607902,0.9999276583668059,0.969096927412782,0.8334450536740431,0.7827053215915796
Expanding Mean 24 windChillC,0.9299751426874608,0.9522687350772524,0.9674617660221626,0.9751253649572696,0.9342168086735064,0.7882625385584052,0.016924038579749796,-0.3646846693711141,-0.036203823874437546,0.3349817831701833,0.9320705685140194,0.9388918060026976,0.9380101085009503,0.956814759560896,0.9692187808598705,0.9691330240147598,0.9999502354297642,0.9030325395542816,0.8497743525004429
Expanding Mean 48 windChillC,0.7165817759672216,0.7657898062853673,0.8099400461453091,0.8479630566610846,0.9400220565271364,0.9227681790434382,0.3125830344928444,-0.17977875108321498,-0.2533674015415513,0.3206820723898174,0.7207532611230781,0.7345757882235902,0.7335772436945616,0.7746490669472224,0.8060859310883011,0.8332312653016523,0.9029907624972524,0.9999432253574376,0.9507317598866454
Expanding Mean 96 windChillC,0.6666894053723391,0.7154525964382074,0.7587104814462635,0.7985417494952113,0.9023903364788499,0.9114838022407746,0.4511267369198126,0.009151641542521644,-0.1680075213095665,0.4287176042143282,0.670762656579668,0.68428820111472,0.6828591224878097,0.7237686672270749,0.7545545572786688,0.7828515306596499,0.8501067519103737,0.9511016220379904,0.9999724960516012
