0,Expanding Mean 2 statusN,Expanding Mean 2 statusS,Expanding Mean 2 tempC,Expanding Mean 2 windspeedMiles,Expanding Mean 2 precipMM,Expanding Mean 2 humidity,Expanding Mean 2 visibility,Expanding Mean 2 pressure,Expanding Mean 2 cloudcover,Expanding Mean 2 heatIndexC,Expanding Mean 2 dewPointC,Expanding Mean 2 windChillC
statusN,0.9957975646860628,0.11023143608909867,-0.3577333858625663,-0.123021748254462,-0.0390922021489778,0.3006828767892,0.047296234462712375,-0.04705096024683353,0.02675240629634669,-0.36113560952148455,-0.2281970658617929,-0.3579298616759525
statusS,0.111030448699617,0.9979533454845774,-0.10283878972812636,0.005437997544524339,0.011396685969115843,0.08488304449336682,-0.02447051888470299,0.00575499266320894,-0.015613842565945652,-0.10202273359461672,-0.06062172771860901,-0.1028519096162544
tempC,-0.3563641238429581,-0.10257161622994897,0.999915445596612,0.058152339090280836,-0.04581065048242754,-0.9146423812089198,0.07993969376179644,0.004856284312832101,-0.2081798226006812,0.9736775380023064,0.3446592201139693,0.9998189743720568
windspeedMiles,-0.12404725791806545,0.005461890818724125,0.06188714279525113,0.9999879994478889,0.4141529365844894,-0.02636186077886804,-0.3410958208386587,-0.4835156202807983,0.3572566373750348,0.05279614339339233,-0.025211695846013824,0.062720860038339
precipMM,-0.04145241200810537,0.011355053842044431,-0.04041599382135229,0.4147220200010929,0.9998930380518976,0.2200874968405377,-0.7978486548925918,-0.4454478577995796,0.5830155078554535,0.0249095080320089,0.3406850235301171,-0.03980681103536912
humidity,0.29861606665143203,0.08431740395700556,-0.9137309294586649,-0.020870032334839743,0.2276408524184021,0.9997891943697044,-0.24274704908507444,-0.10891039927981797,0.2765598567822796,-0.8521557512795713,-0.05747381818565351,-0.9136077058005246
visibility,0.04860568187661991,-0.024381805979684763,0.07722129533915699,-0.3413095883460208,-0.7978234992891085,-0.2381749447264443,0.999991196158731,0.3325766986599342,-0.4596269477324509,0.014989779719791704,-0.2939345356471291,0.07661567060682928
pressure,-0.04777693335464482,0.00572325953043975,0.004034176828064446,-0.4832747797731243,-0.444998514539918,-0.10748631801814296,0.3324150625191599,0.9999982481849086,-0.4435643397519197,-0.047462230964993024,-0.2085002863119784,0.0035423953914506157
cloudcover,0.025184894423168663,-0.015735221497002853,-0.2050798614261061,0.3563540836067803,0.5823016561528811,0.27304210486971314,-0.4591739843575213,-0.4437265185452956,0.9998452205391716,-0.15026332562600506,0.10337124198143532,-0.20437777995316966
heatIndexC,-0.3586802839959111,-0.10177463249381748,0.97284678149718,0.047009733739321186,0.017525212634210408,-0.852376272508712,0.01927844108110011,-0.04615350103221544,-0.15445899014338252,0.9997798628341618,0.4942554246053861,0.9728967931433878
dewPointC,-0.22730412373083744,-0.06109483116654535,0.3440470054816701,-0.02584014095620364,0.33939720286912056,-0.05686718092443632,-0.29359597069059995,-0.20856169002511746,0.1023301866957619,0.4936549959485826,0.9999871611556768,0.34433658637056264
windChillC,-0.3565651479687998,-0.10259829914311157,0.9998173453156899,0.05898767533280734,-0.04520260068940983,-0.9145236336167512,0.07933421747034618,0.0043633288985923425,-0.2074761362908384,0.9737295907940088,0.3449449739256755,0.9999154641253308
windGustMiles,-0.07177541413147151,0.020444868527372588,-0.08213481247766075,0.9614697184130738,0.4955491013901682,0.11672536260884195,-0.4174209626557338,-0.4667984482360949,0.41459023656712607,-0.09116873904829603,-0.06845364217277036,-0.0813364183484025
feelsLikeC,-0.3586802839959111,-0.10177463249381748,0.97284678149718,0.047009733739321186,0.017525212634210408,-0.852376272508712,0.01927844108110011,-0.04615350103221544,-0.15445899014338252,0.9997798628341618,0.4942554246053861,0.9728967931433878
statusN_Rmean=2,0.9626049314759884,0.11078589628946044,-0.3495420688534324,-0.12742395629152847,-0.048794767385561516,0.2918484286427779,0.052897446187533836,-0.05296222164581843,0.02118995854244704,-0.3499576101337811,-0.222325839076756,-0.34974505480636264
statusS_Rmean=2,0.10828296451002252,0.97641037185034,-0.10066584767581256,0.00601611812622326,0.012543027978195249,0.08295401794912884,-0.0266944040918365,0.004903335923550951,-0.015954952564583142,-0.09925172286753016,-0.058941443689118675,-0.10068347135770757
statusN_Rmean=3,0.8834233611446122,0.1088740339538354,-0.3375358979031072,-0.13150198899760984,-0.05894812429820345,0.27974892623498543,0.0585968561048744,-0.058523328602020634,0.015824661599369898,-0.3354335416381802,-0.2142748603629128,-0.3377164106684694
statusS_Rmean=3,0.10497576709625954,0.9316032673130328,-0.09751633962081213,0.006596963016169218,0.01448353823640823,0.08045250746469923,-0.029588961842716883,0.003849515119755481,-0.01689869930129181,-0.0956405363451485,-0.05608850932657434,-0.0975079143252328
statusN_Rmean=4,0.7981365121885651,0.10655354427525963,-0.3219721794063342,-0.13468959867307082,-0.06863452942223472,0.26492449773722,0.06444526106387563,-0.06243682445215298,0.010966209325067837,-0.3175916006433117,-0.2030379040930048,-0.3221209578329548
statusS_Rmean=4,0.09875471576862227,0.8787594505649742,-0.09337821416267833,0.006989175404276634,0.014636747620936691,0.07692213186218216,-0.03061106184289945,0.003396743289333125,-0.017838739206125075,-0.09093837413924602,-0.05279086570753432,-0.09334734384197846
statusN_Rmean=8,0.5397087396527606,0.08144292607000482,-0.2105420285822296,-0.1379351090262067,-0.10425329408098516,0.16623514226800273,0.08997734210401179,-0.06631816897425452,-0.003239356738992213,-0.19651080994892384,-0.11942341037796615,-0.21067277245322186
statusS_Rmean=8,0.06148052858071565,0.6357441759749596,-0.06675450485230719,0.013050096004811829,0.01773497236094364,0.05452726448691172,-0.042036155233272685,0.0005844676981869892,-0.02094817970169302,-0.06311232315780345,-0.032952421173877096,-0.0666831118303343
statusN_Rmean=12,0.3487916950587341,0.03590051700956244,-0.04824800201924856,-0.11636638819252001,-0.11800246535929873,0.02602699516278064,0.10055255956295274,-0.061613127861561534,-0.002267048268927753,-0.027352467363145384,-0.002371327153763228,-0.048281164956566966
statusS_Rmean=12,0.017917333785209544,0.40427383309393294,-0.03286189162634063,0.01981576863149449,0.0204309322593759,0.023717463972735255,-0.05196318174112427,0.0005415128609825391,-0.018995613021821657,-0.02806116436859927,-0.0067124767871777355,-0.032644577219020685
statusN_Rmean=24,0.017576063118533537,-0.07414187957362645,0.3746497216538471,0.10319005097178026,0.027247729691074737,-0.3530283278453349,-0.017067998978154638,-0.11470412908921958,0.06164663559757496,0.3947252384224374,0.181538609592047,0.37507517281504255
statusS_Rmean=24,0.02192053600344673,0.09515894559985126,0.012794238833105894,0.06468165357199958,0.03297784388267789,-0.0281052287358912,-0.04466744086351025,-0.00744353449081281,0.02306586133706971,0.01772800677323899,-0.0015219837296662072,0.013378813560274674
statusN_Rmean=32,-0.07718724575500753,-0.08043316786505085,0.3950928699728571,0.2583584976970717,0.1723305874011065,-0.3594792739261109,-0.15027340299181635,-0.1814471911576608,0.0941081830187108,0.4080931703687447,0.1916294741689628,0.3956804848258877
statusS_Rmean=32,0.039899275482069486,0.04581455344108413,-0.009415475325134069,0.07743542545497621,0.04050300796866888,-0.004767565152294517,-0.04090097092496458,-0.006487837226087783,0.0422668483016446,-0.010418953493569786,-0.025589548658875968,-0.008797586021444405
statusN_Rmean=48,0.030117835532673644,-0.06635008673632284,-0.10831699392000856,0.1858569476973574,0.19071521840284691,0.1276839086987156,-0.156455263153528,-0.12378522025356235,0.06858655977154221,-0.13060872948064906,-0.055295538560941056,-0.10777781849975301
statusS_Rmean=48,0.067233751748711,-0.03804274307818832,-0.07779888583134764,0.06127517713442567,0.005285173463023078,0.06777550350366679,-0.030106291779554862,-0.0007361782914662809,-0.0016486222773956294,-0.07361317140755146,-0.04773198607049582,-0.0770485877283683
statusN_Rmean=96,0.03761850654335622,-0.022878943413286282,0.01595641559666724,0.14233676970963302,0.08700140217836358,-0.015426489272899776,-0.04652540960615519,-0.1892601917304886,0.029244218456215918,0.010585060422287724,-0.010587944908787157,0.016478563015512468
statusS_Rmean=96,0.07382130764773039,-0.01612250369568017,-0.0846840658454951,0.040211658856476734,0.01134817680012162,0.08284209150528334,0.0003345088982422357,0.011788387288267336,0.019199511901539824,-0.08512254128824454,-0.04697013197843565,-0.08439663811990822
tempC_Rmean=2,-0.3626029459532814,-0.10414397294661684,0.9944588385514576,0.08641693475798287,-0.014061626502549529,-0.9077360252645011,0.0548060599807284,0.00018117953158196278,-0.19759060082558014,0.9658899079997356,0.3367644364933478,0.9943691083487168
windspeedMiles_Rmean=2,-0.11534863173100345,-0.0010272684828202612,0.03780376683445463,0.9913819860758548,0.4228264156621239,-0.005481451187209651,-0.3481240992038493,-0.4787100413288877,0.3538376281948989,0.02459218088555681,-0.04222035543209938,0.038630859505148205
precipMM_Rmean=2,-0.0509800930119507,0.014203148042715243,-0.11051047873295934,0.4169502926871015,0.9658642194564959,0.2744707386585388,-0.7730735893731953,-0.3733919076791328,0.5724207032184431,-0.04675076277982318,0.30189988764483405,-0.1099440768013358
humidity_Rmean=2,0.3057786848489023,0.08530377427538176,-0.9147627362038748,-0.049542115550827125,0.1965191536280517,0.9969111679327872,-0.2168455117981466,-0.10220459984620428,0.2655186764331767,-0.8498589824407842,-0.053701315974584565,-0.914663692910722
visibility_Rmean=2,-0.013330689599357744,0.0024492374876276066,0.003054274654749654,-0.311705751744937,-0.7414997615241058,-0.15094431332835415,0.8571252233552343,0.4206791623675639,-0.4145471617278267,-0.03507689804912988,-0.22309897920054364,0.002480884261612901
pressure_Rmean=2,-0.042341725008125934,0.006587619515613449,0.009940974537031171,-0.487065071015966,-0.44888380564651614,-0.11474385542515746,0.33498896794417793,0.99725448630206,-0.444708475850552,-0.040627019492050366,-0.20955698239816872,0.009442932234575914
cloudcover_Rmean=2,0.02997949154396637,-0.01619895091489661,-0.21660204424755464,0.3601549481677944,0.5853961194226769,0.2838715773609049,-0.4621382403437003,-0.4431130038339183,0.9976649188392858,-0.16260150874670085,0.0986724622067451,-0.2159053334581131
heatIndexC_Rmean=2,-0.36724827589021297,-0.10371157897249246,0.9733079962266242,0.07837996864551625,0.04963532356647781,-0.8487058507474773,-0.00673001513827741,-0.051034555158703886,-0.1441483662348192,0.9954646527471834,0.4869058202316478,0.9733774604643799
dewPointC_Rmean=2,-0.23301965211061856,-0.06240755498190896,0.34851990479152617,-0.012755204413990423,0.35409610975862704,-0.058188883777943075,-0.3023609483164822,-0.20745395471127506,0.10875845926782146,0.4971454452570273,0.9822530140942712,0.34876869383614256
windChillC_Rmean=2,-0.3627334371600514,-0.10412199404361976,0.9943928362913982,0.08726742155553828,-0.013441503855498988,-0.907592973536642,0.054184303618371656,-0.0003144059521052127,-0.19688360864468585,0.9659281933675388,0.33705776200577925,0.9944583447860867
windGustMiles_Rmean=2,-0.06848983566664381,0.02179368020293901,-0.12363546487131714,0.9492158839283916,0.4927241406677778,0.1575048327740235,-0.4157635617611746,-0.4547004596441098,0.4078307376436332,-0.13306514904190267,-0.07724100197827002,-0.12284269788808888
feelsLikeC_Rmean=2,-0.36724827589021297,-0.10371157897249246,0.9733079962266242,0.07837996864551625,0.04963532356647781,-0.8487058507474773,-0.00673001513827741,-0.051034555158703886,-0.1441483662348192,0.9954646527471834,0.4869058202316478,0.9733774604643799
tempC_Rmean=3,-0.3678678902663592,-0.10484757681691442,0.980088028740623,0.11033380659232436,0.012690182275600127,-0.8916704288115522,0.03283592562811958,0.0031579514084335947,-0.19143073076004846,0.9498462122018316,0.3281317367734827,0.9800473646847828
windspeedMiles_Rmean=3,-0.1184048138825877,0.008570893700338537,-0.010669919241428795,0.9826588658760388,0.4183851402890075,0.04582310295519077,-0.3454044036152543,-0.4612760728572942,0.3455565798490132,-0.02172949645831985,-0.04560313150269647,-0.009860082790219346
precipMM_Rmean=3,-0.03693374207284686,0.00015229274720592037,-0.13259711360463958,0.3786577850941275,0.9549061079190142,0.3118185048316957,-0.768448603619843,-0.3955414324511217,0.5702993494299734,-0.06433775423398752,0.32762685058210994,-0.1321674189904209
humidity_Rmean=3,0.309858189513523,0.08637819769869606,-0.909337579412249,-0.07290671946930917,0.1663662944003479,0.9866621254310612,-0.1916462708603726,-0.09729122632268764,0.2568226173418917,-0.8410556202982151,-0.04835958003700976,-0.9092564795111348
visibility_Rmean=3,0.08305373515770761,-0.03146819583273488,0.2042093481756691,-0.3064877670149376,-0.6635074194405708,-0.32057466962015435,0.8293253091139147,0.15927870400612967,-0.4086621899363792,0.14446530792022694,-0.21513050186981067,0.2036214895564797
pressure_Rmean=3,-0.03685695331378112,0.007662945817112986,0.0162522576052273,-0.4902311847691671,-0.4522331557661744,-0.12259657829658285,0.3370763347498659,0.993835095627982,-0.4455774728804767,-0.03310231076032506,-0.210271069784982,0.015750600509207378
cloudcover_Rmean=3,0.034765216696062404,-0.01651566830761116,-0.2277765807171105,0.36405850690792185,0.5867771093720582,0.29407050682855185,-0.464180382098591,-0.44265830465034745,0.990506056126986,-0.17480820167258299,0.09330095238017308,-0.22708837498390924
heatIndexC_Rmean=3,-0.370412962676124,-0.10523631097624722,0.9667602012848836,0.10756320366400624,0.08317573511452778,-0.8402152132015749,-0.03267828340757893,-0.05907083705829879,-0.13000678872075,0.98207206011434,0.4719489833607482,0.9668313167021046
dewPointC_Rmean=3,-0.23550770334170001,-0.06270844517758788,0.3492989414383397,0.00037816858549333726,0.36798936501821344,-0.05717148609597397,-0.3107562821989086,-0.2060668349739156,0.1158066382098398,0.4949894985876124,0.9594026971944994,0.3495022919220416
windChillC_Rmean=3,-0.36800876949828665,-0.10472521787962012,0.9800329279398386,0.11137810262985456,0.0134381154363261,-0.8914701443486542,0.03210698085419148,0.002500744381633751,-0.19066023637206306,0.9498568098392134,0.32841937771195,0.9800848713260332
windGustMiles_Rmean=3,-0.061247661718889214,0.02138024202564973,-0.1612676451369549,0.9351310298257486,0.4863516574181821,0.19291083249516988,-0.41143694246469625,-0.4452001192254073,0.3980387475667135,-0.17206211694411905,-0.09028697021116963,-0.1604829940414233
feelsLikeC_Rmean=3,-0.370412962676124,-0.10523631097624722,0.9667602012848836,0.10756320366400624,0.08317573511452778,-0.8402152132015749,-0.03267828340757893,-0.05907083705829879,-0.13000678872075,0.98207206011434,0.4719489833607482,0.9668313167021046
tempC_Rmean=4,-0.3646108915334688,-0.10491483908616064,0.9593204060019098,0.13358084054174585,0.043419945813381766,-0.8714266043718272,0.008385908461546248,-0.002894271899003363,-0.18072484946654732,0.9257777744127498,0.3114607591686825,0.9593042027319116
windspeedMiles_Rmean=4,-0.10155619190841284,0.0036123272273587657,-0.03313783393340304,0.9697110570482421,0.420292247788488,0.061839736802565576,-0.3456782306015144,-0.4733642796465963,0.33965239557638943,-0.05029370613838724,-0.06951627963200263,-0.03232945226697879
precipMM_Rmean=4,-0.00871094343193992,0.009129621228457256,-0.13463990666375772,0.3913203778660996,0.961061642380394,0.311756127868462,-0.7771798292810485,-0.43098752524897216,0.5693321728980544,-0.07336124942270146,0.2993819875847535,-0.13413892650699386
humidity_Rmean=4,0.3103064408305357,0.08615057836378323,-0.8971413765343783,-0.09675962816961953,0.13626246675365253,0.9697836791953022,-0.16600115265335266,-0.09070672887270023,0.2467167944802015,-0.8253434295120993,-0.040141022054598435,-0.8970728969417655
visibility_Rmean=4,0.07467432605970346,-0.0377506340666954,0.22699502046130965,-0.2834884957660394,-0.6702161595835787,-0.35610343315395826,0.8025613989174455,0.1775488211605527,-0.4060594132724175,0.15919312645118927,-0.2516471285359794,0.226484826115824
pressure_Rmean=4,-0.03196067099895842,0.008641074713007119,0.023401041480207704,-0.4922558876096826,-0.4547876963164049,-0.13108965853204235,0.3383325667428876,0.9897499567725602,-0.44630388150399997,-0.024666334005469817,-0.2101698831272175,0.02289947471799656
cloudcover_Rmean=4,0.03888525686520481,-0.017028531808742618,-0.24065595897628306,0.3662420402386334,0.5867671224298401,0.3063864990664462,-0.4654166695894318,-0.4404933233884379,0.9790393053307278,-0.1881267201765929,0.0902822868819378,-0.2399825991439489
heatIndexC_Rmean=4,-0.3728441344265149,-0.10546778935438557,0.9507450942683636,0.13481644785169308,0.11425483637815373,-0.8219220181111826,-0.057933438649658074,-0.06269418231412037,-0.11834029323486332,0.960279277602095,0.4561438850597523,0.9508246717235828
dewPointC_Rmean=4,-0.2344952839699068,-0.06139509040456562,0.3453450667866666,0.013021211714133802,0.38161006299673206,-0.053582206846969016,-0.3189524885201964,-0.2048601969203415,0.1235443617515385,0.4869676004760287,0.9306135535773544,0.3455070778530659
windChillC_Rmean=4,-0.36461786843849336,-0.104737140945039,0.9592699349125656,0.13445338585051372,0.04407628805217282,-0.8712183506497289,0.007714776479268842,-0.0034193642646647717,-0.18001253181012675,0.9257847254950567,0.311685452393235,0.9593111641645382
windGustMiles_Rmean=4,-0.04836485710465067,0.021010606309720254,-0.19265295942750807,0.9175175842181116,0.47891403242592895,0.22038045548677607,-0.4047168218259686,-0.4454049789853212,0.38739069865490267,-0.2061744666521272,-0.10774558032628152,-0.19187238563195186
feelsLikeC_Rmean=4,-0.3728441344265149,-0.10546778935438557,0.9507450942683636,0.13481644785169308,0.11425483637815373,-0.8219220181111826,-0.057933438649658074,-0.06269418231412037,-0.11834029323486332,0.960279277602095,0.4561438850597523,0.9508246717235828
tempC_Rmean=8,-0.3237845292832659,-0.09646864281220008,0.8084683437054484,0.1919709090914662,0.14170864907633765,-0.730760921679116,-0.0721106239620792,-0.010526606575587143,-0.1477768176897789,0.7593802794446697,0.21210395723112985,0.8084322220703417
windspeedMiles_Rmean=8,-0.0663135674750803,0.010659848824382505,-0.1933232236349788,0.8768321690321009,0.4039342182120433,0.21749179980164285,-0.3333346023476286,-0.4258596372862566,0.3110762665252517,-0.2106006626797101,-0.10711924029039972,-0.19253412240032505
precipMM_Rmean=8,0.04144246597581629,0.008492631226895593,-0.26615990247440363,0.33394805748439016,0.8671321889520741,0.4351357576722472,-0.7151864116629842,-0.4095298226071392,0.5431399266150045,-0.20567205194982968,0.2490873864049085,-0.265697888252883
humidity_Rmean=8,0.2880292715932253,0.08098579046713092,-0.7862099290823535,-0.15361457086922986,0.03867318911720174,0.8448782751678745,-0.08004309219306523,-0.08050255749632926,0.21923470095427866,-0.7012250228030711,0.01577817439535795,-0.7861456699272902
visibility_Rmean=8,0.041363869246203576,-0.03278817991577886,0.3203131542986409,-0.2504817035894701,-0.6261827901100142,-0.4475062856111957,0.6720484204819775,0.17823620024421236,-0.4069117224307532,0.2569751874248045,-0.21085586799236464,0.319844744032227
pressure_Rmean=8,-0.019013295930292527,0.010866554712056649,0.05854189685709187,-0.4902558646004134,-0.4579729153182784,-0.16934627746482833,0.3367212244450153,0.9658218215432208,-0.4483435909155825,0.015938309566588364,-0.203706350984984,0.05800729078050765
cloudcover_Rmean=8,0.05620653372850227,-0.019990300549080044,-0.2861076571211212,0.3676261471087666,0.5763743088118976,0.3502830699736052,-0.4615668365368482,-0.4326094286662388,0.9019113810476272,-0.23602827940630786,0.0811784523704052,-0.2855051957651297
heatIndexC_Rmean=8,-0.34407745635053305,-0.09938411831446356,0.8160716991092826,0.2066634948878293,0.21670700390749945,-0.6924965364327471,-0.1414340594493366,-0.06772953350447128,-0.0816955967869257,0.8010071054633622,0.34771515705468103,0.8160579908982964
dewPointC_Rmean=8,-0.20478748070331648,-0.04853398761364079,0.28772035787872696,0.0576069963972478,0.4285891462569526,-0.011688845281804291,-0.3499624613055515,-0.2036674460301072,0.1592101815763549,0.4075033876618071,0.7697944432452444,0.2876911487848103
windChillC_Rmean=8,-0.32352516486746385,-0.09619439365661887,0.8083553402494386,0.1927021591110499,0.14233276279761298,-0.7304225459274337,-0.07275571695431986,-0.011026310838569687,-0.1471570855163145,0.7593628024849267,0.21232421836772816,0.8083258850833833
windGustMiles_Rmean=8,-0.0009201424576217962,0.024147677871161056,-0.3448045969618385,0.8035367846281639,0.4330870644350348,0.3625304333947609,-0.3653071209325066,-0.4002025934507034,0.3507096135871659,-0.35792189309411593,-0.14538486020982436,-0.34403637458911873
feelsLikeC_Rmean=8,-0.34407745635053305,-0.09938411831446356,0.8160716991092826,0.2066634948878293,0.21670700390749945,-0.6924965364327471,-0.1414340594493366,-0.06772953350447128,-0.0816955967869257,0.8010071054633622,0.34771515705468103,0.8160579908982964
tempC_Rmean=12,-0.2407821336790627,-0.08106533442671153,0.5747448868953309,0.18988374539529884,0.19418712735708246,-0.5172916148082036,-0.12107373582487035,-0.0006319871982295959,-0.13203324429208,0.5106009205902772,0.08609916391811374,0.5745425188880586
windspeedMiles_Rmean=12,-0.0006232089740014421,0.02214852290778117,-0.3468580733022367,0.7444274786971271,0.35676219435664713,0.3590956009974858,-0.29463786341760034,-0.3863909872387961,0.27965700795447,-0.3613826255486024,-0.146480011165583,-0.34608937308574683
precipMM_Rmean=12,0.0892441730488743,0.017816916561179418,-0.4016695973001809,0.27109751190163195,0.736921600297813,0.5509671605008739,-0.6159059979077489,-0.3531384079108119,0.5015175514307169,-0.3394967497490564,0.18992341174040453,-0.4012601916488339
humidity_Rmean=12,0.2308489361485197,0.07190444967061298,-0.595456245701543,-0.14965559773316045,-0.018375223131246232,0.6482411670450866,-0.02485234987526661,-0.09110756390412167,0.2091278915305504,-0.4998914883807465,0.09340792045894586,-0.5953213325618594
visibility_Rmean=12,0.002819879390717278,-0.024150944209079026,0.3631545638742627,-0.14694381173849164,-0.5610767606627483,-0.5060999954495305,0.5584647564215521,0.17317321707218095,-0.3898112220583612,0.2967810519558113,-0.2263754361016809,0.3628237267713097
pressure_Rmean=12,-0.0269025350525586,0.007964151979490111,0.1032947852328232,-0.4756127468017208,-0.4527131041051467,-0.21137887696476226,0.3267390238456378,0.9397180203893398,-0.4497166120250424,0.06520677302320606,-0.18265406675766485,0.10273284719599976
cloudcover_Rmean=12,0.07020057568063202,-0.01997708425032606,-0.3252414084166254,0.3553969082089671,0.5482406703560184,0.38884417205057176,-0.4432666065583656,-0.4195517591510137,0.8002978180468167,-0.277288496597942,0.07661750898111858,-0.3246723170232924
heatIndexC_Rmean=12,-0.2663195857448987,-0.08769194827000662,0.5886188988105276,0.217390916594502,0.2732406973157101,-0.4847588267899395,-0.1913196009114562,-0.054575426419890265,-0.061597987378045366,0.5520470131629053,0.20461586786681368,0.5884474357240421
dewPointC_Rmean=12,-0.13948371448875946,-0.03578580784856628,0.17816662552040086,0.08745427157495002,0.4540625563483498,0.06772142612324153,-0.3687791431502375,-0.2082195269297108,0.1939201954978644,0.277490961600336,0.5995920687357125,0.17798898006238895
windChillC_Rmean=12,-0.2407079217853588,-0.0808923849625287,0.5745426367314457,0.19052124831247827,0.19484114234571345,-0.5168409462230991,-0.1216872941817702,-0.001167915756297969,-0.13145418896911695,0.5104925294569075,0.08637410531693887,0.5743668870358931
windGustMiles_Rmean=12,0.06426821451073257,0.03577097934943908,-0.4790586573041018,0.6590256318280542,0.3612955623923312,0.4846606584703565,-0.3046994523759164,-0.35466921962404724,0.3120547381833599,-0.4861304595790347,-0.17360526332318044,-0.4783131140310323
feelsLikeC_Rmean=12,-0.2663195857448987,-0.08769194827000662,0.5886188988105276,0.217390916594502,0.2732406973157101,-0.4847588267899395,-0.1913196009114562,-0.054575426419890265,-0.061597987378045366,0.5520470131629053,0.20461586786681368,0.5884474357240421
tempC_Rmean=24,0.12645584049898448,-0.008662770388310221,-0.22623685553209066,-0.14898034912394587,0.032244366425524376,0.19313627340189016,-0.004458543680781607,0.13507892682082426,-0.2123368913182124,-0.3094172567653965,-0.2664050860962037,-0.2268439252202044
windspeedMiles_Rmean=24,0.19149888112322108,0.07646103611901835,-0.605719313989778,0.3496217922418596,0.13405933164864364,0.5905942012204606,-0.11421484924543884,-0.3037644218412053,0.20974643835709594,-0.5859568833486435,-0.18090350119400145,-0.6050975067044755
precipMM_Rmean=24,0.18442322993911853,0.03110008025745315,-0.4483863815952496,0.08080115847958594,0.457976595746212,0.5770392455553414,-0.3761229539012187,-0.35696561088209017,0.4156917431392262,-0.37108865398429,0.16472594171957844,-0.4477853222278256
humidity_Rmean=24,-0.08101263198365426,0.008234390978546795,0.1172997809547365,0.1568754945555756,0.095419144972149,-0.02407643090976926,-0.10217256862189399,-0.21868450941070366,0.2805636147081037,0.2252825146010109,0.3561474964958994,0.11777728961196565
visibility_Rmean=24,-0.15623958365131874,-0.07089998215486551,0.4663622975712616,-0.06923694980672536,-0.26803001930035936,-0.5394604902944903,0.2516150164722106,0.1849189258129702,-0.34475175786578743,0.4104866554001446,-0.0346934650157179,0.4656249835065932
pressure_Rmean=24,-0.13648336360348384,-0.01873492163412953,0.23824046438017546,-0.4073240151625089,-0.4056698386173658,-0.3196838453103194,0.2906429345483676,0.9021743079224612,-0.4407682791128743,0.1946073039503598,-0.1116566473235793,0.2376882007204648
cloudcover_Rmean=24,0.09967094048001224,0.02168550610946341,-0.3718099433791648,0.2846255370246868,0.4215106095589178,0.4346344347986758,-0.3535975889099001,-0.38808036507601423,0.5691182793210829,-0.31331852735248866,0.08845153164327894,-0.3711376274877525
heatIndexC_Rmean=24,0.12766815720492042,-0.0172742506545872,-0.2493481847862941,-0.0916863050774257,0.12491481529118945,0.25116963040727863,-0.08065176911618532,0.07705177147090149,-0.12944202372049254,-0.31837644179057395,-0.2113733536993528,-0.2499200274386224
dewPointC_Rmean=24,0.11277600640902855,-0.000490207080430188,-0.2420318066308858,0.04505336786685732,0.3734963380326097,0.3930925403113874,-0.305813840223962,-0.19599979927236452,0.21289124358990894,-0.1875940787837568,0.19359246235924327,-0.2425521236950359
windChillC_Rmean=24,0.12650661693096324,-0.00862826293650252,-0.22674263463763464,-0.14854326031605994,0.032663731718219534,0.19380884480544114,-0.005000267349719667,0.1346748978195288,-0.21171355961105265,-0.30988741389874,-0.2664258661588048,-0.2273487132444581
windGustMiles_Rmean=24,0.2044945618404212,0.07401817637924138,-0.6074723656719839,0.29519600773026955,0.11577523062064765,0.5926703854523099,-0.1035781293855921,-0.2893673929562923,0.23503131273635736,-0.573189273842333,-0.14925706915722667,-0.6068070394172913
feelsLikeC_Rmean=24,0.12766815720492042,-0.0172742506545872,-0.2493481847862941,-0.0916863050774257,0.12491481529118945,0.25116963040727863,-0.08065176911618532,0.07705177147090149,-0.12944202372049254,-0.31837644179057395,-0.2113733536993528,-0.2499200274386224
tempC_Rmean=32,0.3147274340443508,0.028803344281426783,-0.4623645538521024,-0.4573982575925558,-0.21771980057482584,0.3735153683528709,0.19745119601021746,0.228442444657767,-0.3059465720025191,-0.5317190322612896,-0.3603722233402527,-0.4630693855412083
windspeedMiles_Rmean=32,0.17725004512957468,0.07436762769016454,-0.4898250406306974,0.2442671508001103,0.023518593040354745,0.4819010887117266,-0.02516881843239047,-0.3038378369667745,0.2001326472057559,-0.444639932872839,-0.09301930867148647,-0.4892859471243521
precipMM_Rmean=32,0.15325908629165486,0.03782178606653185,-0.2958753566201561,0.06267460464946763,0.3700558193272699,0.4181285172776811,-0.30948471943413663,-0.3649588562966317,0.3942917701155483,-0.2058161638569133,0.23351465675998576,-0.29497957239115913
humidity_Rmean=32,-0.2720514388185201,-0.03316212186334716,0.3657523742196441,0.4324950496418158,0.3193077854859732,-0.2275715120324847,-0.28035611240056,-0.2981316285951723,0.3643383705907823,0.459398634861025,0.4521977896153879,0.3664149189952411
visibility_Rmean=32,-0.14122074021896813,-0.07781547857271863,0.3258322975375773,-0.02579336994103869,-0.23374457697700465,-0.4172634817026008,0.2145051269025757,0.2189335628233747,-0.3452791186353993,0.2375983615100209,-0.19303970455371372,0.3250155482108221
pressure_Rmean=32,-0.15149551754336374,-0.0266415389112434,0.2427489741425831,-0.3717855743856907,-0.36003344068725274,-0.32082837728074465,0.2569792178764886,0.8952571681486857,-0.4210632499461175,0.18933672063766485,-0.12772932022353115,0.2422471358712569
cloudcover_Rmean=32,0.08686018898580992,0.061322189053868874,-0.3364407116183293,0.263004984519494,0.3668623410796827,0.4050326616029212,-0.3214490261471326,-0.39630910218524174,0.5204911188193382,-0.26066242618416063,0.13062462923882506,-0.3357337195523293
heatIndexC_Rmean=32,0.3324915657992688,0.024383549619804896,-0.53153097642127,-0.4080658813771032,-0.1333249953051117,0.4706530293063848,0.12805684370503478,0.17448898294282286,-0.2314397338559851,-0.5891471307603187,-0.3242707312893826,-0.5322148736664417
dewPointC_Rmean=32,0.1846499722778792,0.0018562019324586641,-0.3747555063671517,-0.0690904518908149,0.24937924975498799,0.4809339015359658,-0.19472174499025344,-0.14322064766014256,0.17091440506925426,-0.3350697536048559,0.09110201333547184,-0.3751660344645828
windChillC_Rmean=32,0.31500320011217386,0.02863561851119938,-0.4629751208760863,-0.4570832469796714,-0.21751218749073728,0.37415998708331577,0.19718104121876454,0.2281624264829289,-0.3054208216434933,-0.5323091385481643,-0.3606963647359618,-0.4636806075693994
windGustMiles_Rmean=32,0.14607208352867204,0.06684532523826446,-0.4082916868689434,0.2399979147562463,0.0291506781749554,0.4139531929456021,-0.033091561903631016,-0.3070564186911094,0.2319965767938821,-0.3485209138480008,-0.02038576701275661,-0.4076444962758274
feelsLikeC_Rmean=32,0.3324915657992688,0.024383549619804896,-0.53153097642127,-0.4080658813771032,-0.1333249953051117,0.4706530293063848,0.12805684370503478,0.17448898294282286,-0.2314397338559851,-0.5891471307603187,-0.3242707312893826,-0.5322148736664417
tempC_Rmean=48,0.1815886397770888,0.015686506240213078,0.16113417708023345,-0.5611442666965574,-0.4222680675770452,-0.24391710617573584,0.3659170733271063,0.19106425006870809,-0.3597717319144237,0.1497436594892586,-0.057944717331262365,0.16069779839413129
windspeedMiles_Rmean=48,-0.040251693042134135,0.0034971667373554427,0.016591663401623637,0.479025050988682,0.11363010449863095,0.01396230116478179,-0.08739329202490476,-0.38937653271768097,0.2775115454908661,0.06326242087540165,0.07956264268737964,0.017104596371954786
precipMM_Rmean=48,-0.013548496264552623,0.016097561946971418,0.008575079162243149,0.2471826389203557,0.4777392836788092,0.14213316621040384,-0.4023402148188857,-0.4436750191745702,0.4498918704707731,0.10767744541826477,0.39535684549008737,0.009583240287641893
humidity_Rmean=48,-0.1691149781099045,-0.03751081520482377,-0.15315295966007775,0.5303393012175388,0.5432518316556901,0.2944160672752695,-0.4631953296528211,-0.2665975253200915,0.4271027661892417,-0.10988867559934194,0.21970235861651646,-0.15255054809785126
visibility_Rmean=48,-0.006062372825682618,-0.0080608334154938,-0.006937148440430884,-0.20289721467881427,-0.3937232506519413,-0.11856606960108265,0.3399666326575149,0.3351163452720694,-0.3998865320166141,-0.09953885882164387,-0.34525756017057835,-0.007738704330933691
pressure_Rmean=48,-0.08438285774086862,-0.012565107641996264,0.09971856743093682,-0.4001753254019642,-0.3407263227940539,-0.18885140255419114,0.2376093973027221,0.8835025970528942,-0.41329713125073736,0.04157224412712232,-0.1866937827354284,0.09915197807469413
cloudcover_Rmean=48,-0.016433543362060613,0.0747283965928206,-0.2133300511989884,0.3157011578550171,0.37543656504780415,0.30373204401040943,-0.3546944018863459,-0.4149872579238149,0.5445187558508227,-0.1293125836770814,0.20537379846071294,-0.21249246009033607
heatIndexC_Rmean=48,0.2055852591950847,0.017239877424935587,0.0789001863439074,-0.5599718341748848,-0.3730757909147421,-0.13736820653909085,0.32356681466451953,0.1497942752786541,-0.30504769874588794,0.08859425896080123,0.011634372262619527,0.07851986464396858
dewPointC_Rmean=48,0.09829913170024338,-0.018426499738680737,-0.13648991335262334,-0.12155249968637555,0.2001506092665612,0.2404239610795717,-0.15435446693859628,-0.16176522792766285,0.16152260063089005,-0.05337395247615599,0.331398382531589,-0.13628374707239374
windChillC_Rmean=48,0.1817769593101338,0.015569609727382803,0.16098162666933633,-0.5609009646397627,-0.4223351774417689,-0.2438656447142685,0.3659507514596082,0.190998068497776,-0.3594645687043755,0.1495981302175283,-0.05818915429914787,0.16054476779121138
windGustMiles_Rmean=48,-0.09129039524651324,0.00026916994028308646,0.07820742012150153,0.5253656199602403,0.18590056844174024,-0.025757047357684856,-0.15027809158487607,-0.3977151488218146,0.3260305426792371,0.13005558371109174,0.13775720447188838,0.07884948301369334
feelsLikeC_Rmean=48,0.2055852591950847,0.017239877424935587,0.0789001863439074,-0.5599718341748848,-0.3730757909147421,-0.13736820653909085,0.32356681466451953,0.1497942752786541,-0.30504769874588794,0.08859425896080123,0.011634372262619527,0.07851986464396858
tempC_Rmean=96,0.05071391880211973,0.0035144063131091656,0.31822984982190994,-0.3045154441339749,-0.10346984666568496,-0.3620949318161921,0.12396380224803526,0.056983482354740114,-0.2958503283581447,0.2597062923864628,-0.07066108945618144,0.3181042850369804
windspeedMiles_Rmean=96,0.003726254428304882,0.005282521677105397,-0.17810692702491382,0.418028592317676,0.17640706337281792,0.2061525394535664,-0.1315948489840908,-0.2933384387410984,0.2436704560839369,-0.15087400106582813,-0.008122070304670524,-0.17785906560378073
precipMM_Rmean=96,0.01833242913683533,-0.029968312394647083,-0.16630195947723553,0.2222673627763218,0.4300908346884573,0.2871092518061186,-0.3447881048790744,-0.3826866651714402,0.4134104885590516,-0.08978269138950998,0.2638933340192812,-0.1655888064429219
humidity_Rmean=96,-0.031817489241334665,-0.03055058143438765,-0.3312291237623122,0.22978336992835524,0.2500665544578339,0.4386426328715249,-0.2388343574555893,-0.1284533129195745,0.3481181654887078,-0.23793292834328866,0.2539609955678967,-0.3310378471895952
visibility_Rmean=96,-0.04425924772450323,0.004929856074061175,0.14562187499876972,-0.2157906026074992,-0.3250137747578451,-0.2392437337417269,0.27846495491320084,0.2781737969205397,-0.3283496118891949,0.09080551265116177,-0.17499730997354704,0.14495680521354273
pressure_Rmean=96,-0.054770600350435183,-0.003642294894967936,0.11401442177576472,-0.4077742826700236,-0.3370948125926245,-0.20907924408631767,0.2398464265283873,0.7564977504441248,-0.3965147474238754,0.0656441840966299,-0.17003758809261013,0.11356695461727907
cloudcover_Rmean=96,0.002777689149813011,0.013160585379497514,-0.2559463972243395,0.2982930261912204,0.335419491413109,0.348280499080566,-0.2951692612587046,-0.3436740905851149,0.4484246759200101,-0.1835059151077028,0.17884895013809182,-0.2554330280753047
heatIndexC_Rmean=96,0.058850714683741034,-0.005473028521421498,0.2897682847149501,-0.3123406563574082,-0.04147911391885342,-0.3041373718764962,0.06767523146482532,0.013958696968995007,-0.25003858751792485,0.2538445482849249,0.02629894590410869,0.2896515974867346
dewPointC_Rmean=96,0.014541130397124263,-0.04281716359409567,-0.14038459377234316,0.05589455456170947,0.3364887840488485,0.2790145988522393,-0.29442039691546523,-0.2122572712232512,0.2580127515106085,-0.05381305439750359,0.3668081589868016,-0.14009820878849247
windChillC_Rmean=96,0.05106316469897222,0.004203050720537631,0.3184348586398881,-0.30464843658225244,-0.10359687452974484,-0.3623603601357751,0.1239980244305792,0.057621003993550565,-0.29559582898057096,0.25994123992622514,-0.07053427464190158,0.31830949026716715
windGustMiles_Rmean=96,-0.003098240845588612,-0.0025117579550660326,-0.1899137360384803,0.4160076495737099,0.2036246956530436,0.22491646412927527,-0.15580634792871895,-0.2880560031679047,0.2697715879170644,-0.15755330157239766,0.00864604465797727,-0.18968446467144695
feelsLikeC_Rmean=96,0.058850714683741034,-0.005473028521421498,0.2897682847149501,-0.3123406563574082,-0.04147911391885342,-0.3041373718764962,0.06767523146482532,0.013958696968995007,-0.25003858751792485,0.2538445482849249,0.02629894590410869,0.2896515974867346
Expanding Mean 2 statusN,1.0,0.11059951628646696,-0.35674858248701924,-0.12396871686022595,-0.04094639438068405,0.2996490966439478,0.048537127571892026,-0.04766981907096887,0.026051284044601938,-0.3597016763885657,-0.2273968980496437,-0.35694969289577205
Expanding Mean 3 statusN,0.9912765245124548,0.11041295723506267,-0.35619072593009043,-0.1265407746516185,-0.04202329099194097,0.2990469122566124,0.04960089668485573,-0.048871473935208284,0.025644056317962845,-0.3582772602315291,-0.2259587127090845,-0.3563897465814283
Expanding Mean 4 statusN,0.9864091389100824,0.11117331362045643,-0.3545296849112878,-0.1273902959005697,-0.04608700503984582,0.29699693795467824,0.05243010325204942,-0.05009434919253116,0.02255976334687797,-0.3564171215706109,-0.2259220978239047,-0.35473077414055565
Expanding Mean 8 statusN,0.9443352382446064,0.11357281862101305,-0.3477289979055984,-0.1330730383757594,-0.05574949061357912,0.2892334632635369,0.06160215037483264,-0.05197870760588706,0.01814096702259481,-0.3484630314366433,-0.2212870446049565,-0.3479335127263354
Expanding Mean 12 statusN,0.9135712408498368,0.10713453071348446,-0.3371299251236243,-0.13764884630151406,-0.06006470744020845,0.28129780813906524,0.07053522620566707,-0.05417813147739217,0.022385647505932863,-0.3355876466637143,-0.2078866062913058,-0.3374053175297085
Expanding Mean 16 statusN,0.8734520800269758,0.11014584493802752,-0.3360747793845485,-0.14630909338890632,-0.06960758802103419,0.27578769669671743,0.07235332943991543,-0.05476924972032037,0.007399385698311048,-0.3322081691988928,-0.20880028600790024,-0.3362692978498653
Expanding Mean 24 statusN,0.8582669660707337,0.10181005134475923,-0.31284069611466553,-0.1069126275619944,-0.039526358271464015,0.2611211876832794,0.049230915810077006,-0.07588343655796571,0.043862994053297605,-0.3083819134908285,-0.1874653022199864,-0.3130501054698114
Expanding Mean 48 statusN,0.7160083093177673,0.07225119492241758,-0.2670298800806155,-0.1871672235320604,-0.13833387140221626,0.211636998775408,0.117522128387967,-0.046319238509166895,0.0009261816758158156,-0.24920393986631625,-0.1301349784294139,-0.26731260598559603
Expanding Mean 96 statusN,0.649802575359039,0.07022329420906559,-0.2410928267534445,-0.1485204931424415,-0.11964621513513456,0.18577521960616247,0.08317848932727906,-0.06414554246658362,0.019429880632702942,-0.21815550023634026,-0.10840975387624226,-0.2412544267765977
Expanding Mean 2 statusS,0.11059951628646696,1.0,-0.1026672334886915,0.005450999869934597,0.011094077910163343,0.08455204430880756,-0.024366071551742856,0.005742228190721292,-0.015654851439672244,-0.1019115757216655,-0.061120449577483124,-0.10269966553414993
Expanding Mean 3 statusS,0.11185841934372667,0.9952517769010448,-0.10283536050979973,0.005835702226216047,0.011944671948578766,0.08524797055860438,-0.025493564635528026,0.005026843348083425,-0.014919896404562932,-0.10150301464852762,-0.059884126859361925,-0.10286791449836802
Expanding Mean 4 statusS,0.1083101871461066,0.9914280069022408,-0.10082472831436827,0.0054626138986982545,0.01139979218651358,0.08314262084827162,-0.02558884823678648,0.005346845056950715,-0.015076906618811897,-0.09979477022386772,-0.05954163442898237,-0.10084945223253004
Expanding Mean 8 statusS,0.10444494220322627,0.9646471343141514,-0.098753565287364,0.0062551301345532,0.011885739952325634,0.08081444861771489,-0.02809880369661304,0.005218195964695015,-0.017041569838533808,-0.09738790269790512,-0.05905156311919092,-0.09877551642868253
Expanding Mean 12 statusS,0.10043515536432422,0.9301965286120936,-0.09521673489498736,0.0066072157916603,0.01559351270225081,0.07647836515496845,-0.031386581147465294,0.00032859862560705627,-0.013083758473181585,-0.09386695479658932,-0.05786844010198905,-0.09519511909006098
Expanding Mean 16 statusS,0.09692418378570992,0.9002167359493597,-0.0861706445753496,0.006502640599784819,0.009071501012602236,0.07068887808510163,-0.02485313421780357,0.005674473320306923,-0.021657769588083558,-0.08392348932252904,-0.05069859962975329,-0.0861440978948072
Expanding Mean 24 statusS,0.09599894645448047,0.8424362459867711,-0.08167106861424886,0.015664143251470173,0.006400260483899106,0.06557759193575992,-0.03369628906735368,0.006995820738162755,-0.02704423817816676,-0.08036078489265686,-0.05336582999307752,-0.08162549916251133
Expanding Mean 48 statusS,0.1082965139799165,0.6796248289073911,-0.10428631115674684,0.04935365898033142,0.013039296927140237,0.08702403315921353,-0.02583601022529447,-0.0004474457439021452,-0.02780458583483932,-0.10064577856441803,-0.047513652210841764,-0.10424052745702443
Expanding Mean 96 statusS,0.1550655169421136,0.5288749500113809,-0.11230479063264197,0.01714652806644472,-0.03871832747200436,0.08539697906228781,0.024277482270115253,-0.0013544787489195573,-0.0687946175295231,-0.10539432935693592,-0.04557046271048462,-0.11219575136084443
Expanding Mean 2 tempC,-0.35674858248701924,-0.1026672334886915,1.0,0.06098983269031705,-0.04293724166481725,-0.9143370586619936,0.07765028720791096,0.004133619307540849,-0.2069936200926692,0.9734125787855455,0.3441551270194001,0.999902610481492
Expanding Mean 3 tempC,-0.3588336523553359,-0.10310540403322202,0.9987609744297716,0.0678032596791737,-0.034888213551263585,-0.9129411237636722,0.07144489532843884,0.0031933886733469066,-0.204248596406884,0.9719333462734472,0.3428204251293581,0.9986686299308682
Expanding Mean 4 tempC,-0.3570108214901231,-0.1028340766314158,0.9990837225180648,0.07042779184804622,-0.033240971389158026,-0.9121926978031876,0.0699000888817766,0.0010246320973814312,-0.2026479484566912,0.9716904805190142,0.3429373655557589,0.9989852097251184
Expanding Mean 8 tempC,-0.3604696235550685,-0.1034716604337637,0.9915208854879248,0.0887607426451644,-0.010670810898310113,-0.9046399345456136,0.05205811420271025,0.00022159127379782045,-0.1971127844889175,0.9616016948352312,0.3337156260092364,0.9914299627735388
Expanding Mean 12 tempC,-0.3633609213919604,-0.10391116705993401,0.98003707059063,0.1074271507626429,0.01114369442995465,-0.8930655937461717,0.034558019692214816,-0.002795360672796843,-0.18723906143386665,0.948670458716824,0.3251935834521705,0.979991076549412
Expanding Mean 16 tempC,-0.35510940198424434,-0.10177486594867084,0.9686770602716578,0.11056835027548256,0.020801553969329648,-0.8823369564406206,0.027289208905228284,-0.0011365844491142516,-0.19017134871462196,0.9349025591843181,0.3171950375032769,0.9685685667059256
Expanding Mean 24 tempC,-0.3747311496844063,-0.10713420484964653,0.9320377395372786,0.1306622750601403,0.04954767295451477,-0.8499586992713064,0.002749615263727282,0.00415423403605532,-0.18437307601336056,0.888804454139643,0.2802472657365551,0.9319844202882286
Expanding Mean 48 tempC,-0.331234965270909,-0.09901981419110377,0.7210058319875238,0.19299669464412392,0.16919971070422435,-0.6463436019754875,-0.09969924757713172,-0.015175356990407647,-0.12453228904131268,0.6648819462195018,0.17230324024225546,0.7208866962262104
Expanding Mean 96 tempC,-0.2989419746441329,-0.10266716605404062,0.6708488195907603,0.10015293856571444,0.11733349488514774,-0.6106012775282512,-0.04852123950928276,0.029148817552466483,-0.19001856509288945,0.5983247853600505,0.12107878793554565,0.6706490728812914
Expanding Mean 2 windspeedMiles,-0.12396871686022595,0.005450999869934597,0.06098983269031705,1.0,0.4143231224556061,-0.0254965191638248,-0.3412358349232308,-0.4833652780869742,0.3570738520534461,0.0518194946140646,-0.02557431212590602,0.061823118714677376
Expanding Mean 3 windspeedMiles,-0.1229919362695933,0.005709030097689673,0.05150520148070007,0.9984742520067872,0.41594194679070856,-0.016279480554015218,-0.34232222175616706,-0.4819135909176953,0.3558592667092221,0.041488000540664136,-0.029699960631886936,0.0523293030430558
Expanding Mean 4 windspeedMiles,-0.12373074683287355,0.005393515836138263,0.05778604328600991,0.9997988310722796,0.4148047103987532,-0.02237265189368045,-0.34164755890532683,-0.4827991103450512,0.356304465195041,0.04830332660804442,-0.026890699849776132,0.05861816229632085
Expanding Mean 8 windspeedMiles,-0.11948428257780695,0.0049870883405995405,0.03087605568248857,0.9936694907288146,0.417427650762192,0.0032942787906286904,-0.3437536852477737,-0.4799939339276646,0.3531820633335011,0.01957310414061117,-0.03791420424017021,0.031714722693536285
Expanding Mean 12 windspeedMiles,-0.11788142059704225,0.006462519158854818,0.004393420877431499,0.9851723819802088,0.41994327118396585,0.02917457216864348,-0.3453083727015163,-0.4735334347166473,0.3486790023365685,-0.008590766097996519,-0.04784718940974859,0.005212862042237463
Expanding Mean 16 windspeedMiles,-0.11333122375197192,0.006361737024233854,-0.021576000612957245,0.9766493350386828,0.4190360906809604,0.0540473199929374,-0.34484000538501064,-0.4705806113141805,0.3472937638274329,-0.03578376645709153,-0.057019631293973486,-0.02075086064416728
Expanding Mean 24 windspeedMiles,-0.1041963361448456,0.007994161825913896,-0.07332186015577183,0.9495782253641972,0.4178937805753712,0.10066720132906602,-0.34174706590181564,-0.4612496288388882,0.3375614490096013,-0.091103528010682,-0.08582127140537228,-0.07252949576983726
Expanding Mean 48 windspeedMiles,-0.10406031017030333,0.006095802908057309,-0.10267258267072632,0.8944953265164488,0.40675667153696704,0.12789509116040787,-0.3349396515053198,-0.4466694695509535,0.3192001280852303,-0.11448511322732975,-0.07629374417140085,-0.10186441047719803
Expanding Mean 96 windspeedMiles,-0.02350052227956272,0.03280878085437225,-0.23561058550042,0.8171189373598083,0.322073246378328,0.2480414712496665,-0.2667480994500554,-0.4130339527696887,0.3159915743518392,-0.24024157923192346,-0.11807253208210895,-0.23471703964308954
Expanding Mean 2 precipMM,-0.04094639438068405,0.011094077910163343,-0.04293724166481725,0.4143231224556061,1.0,0.2226201255636319,-0.7978258542255383,-0.4450868112517211,0.5827726434669139,0.02233398583741179,0.3396705572530101,-0.042329665170411264
Expanding Mean 3 precipMM,-0.0386132019789516,0.010671910884276126,-0.04957979451035967,0.41296202024353335,0.9979243194659516,0.2291976577930505,-0.7962456387238821,-0.4440488780952387,0.5821978173056663,0.014857347119403015,0.3358951374468769,-0.04898362394335496
Expanding Mean 4 precipMM,-0.03928315862706163,0.010808219818638479,-0.048769446729281324,0.4128858812445367,0.9995624279751658,0.2284299381830857,-0.7975978769656821,-0.4438859620001018,0.5818414024826662,0.016328514138053172,0.33744128735157336,-0.04816468477136099
Expanding Mean 8 precipMM,-0.031074831897257193,0.01037251199706244,-0.06974836383354675,0.40643352338601935,0.9922222629125385,0.2499910157238041,-0.7928216052554332,-0.4415953468897079,0.5791521896881524,-0.005206725085611654,0.33093597853384793,-0.06915026601187126
Expanding Mean 12 precipMM,-0.02741109626196232,0.010229434409988986,-0.08568848477393093,0.40203600184954297,0.9863664846108576,0.2640858916966459,-0.786775809261823,-0.4374062404702171,0.5763389241558114,-0.023397886993358902,0.3177869095720686,-0.08520129305585407
Expanding Mean 16 precipMM,-0.025468253651021143,0.007760323724135982,-0.10638466124014136,0.3929025685278606,0.9734705182598028,0.2867715721806762,-0.781138284918143,-0.4394537037245457,0.5728372842591007,-0.04326498379878579,0.3165289334975228,-0.1057774173228224
Expanding Mean 24 precipMM,-0.0002896936690826743,0.00335595290955525,-0.1412987324693029,0.3801087589753546,0.9495339320977622,0.3184154939250057,-0.7589135830323727,-0.4323642775488986,0.5675827639037099,-0.0790378223721207,0.2948940321440714,-0.14083221858818346
Expanding Mean 48 precipMM,-0.019144566659181864,0.005405039415563124,-0.12273766040540646,0.3409569177099656,0.9048337080079198,0.3077610059781775,-0.7278527966402333,-0.4396693573976457,0.5526094218358935,-0.04859162174374716,0.3471367603186605,-0.12223696342787878
Expanding Mean 96 precipMM,0.003271518420096828,0.00813598025640632,-0.16162842465211893,0.33281790887844515,0.8487463668574887,0.3378929931930901,-0.6789510245096456,-0.4570877620084853,0.5323796551048173,-0.08917211600072569,0.31524334681264743,-0.16110567905990544
Expanding Mean 2 humidity,0.2996490966439478,0.08455204430880756,-0.9143370586619936,-0.0254965191638248,0.2226201255636319,1.0,-0.2386101655439826,-0.10761703749287144,0.2747576527337681,-0.8523046501965623,-0.05690686774160215,-0.9142171350397637
Expanding Mean 3 humidity,0.301341288572964,0.0848562128815199,-0.9146380885647204,-0.030528779915161175,0.21697469313809006,0.9994325260456328,-0.23398375948115924,-0.10654161018644832,0.2728902132603898,-0.8519655897757749,-0.05644707508513496,-0.9145224148874612
Expanding Mean 4 humidity,0.3018235858605349,0.08515679631485241,-0.9149584482423918,-0.0355475953739101,0.21166010576079272,0.9990734698221932,-0.2295803914869691,-0.10487971561219676,0.2706933758937967,-0.8517374091013711,-0.05599146947552448,-0.9148461479450659
Expanding Mean 8 humidity,0.3046293067082112,0.08605111311239573,-0.9128021155810484,-0.051421753147308964,0.1924853678019101,0.9941107648736373,-0.2136056041064319,-0.10257407379228327,0.2665763241681222,-0.8464695908173113,-0.050975788679812735,-0.9127087190482676
Expanding Mean 12 humidity,0.30790469726548997,0.08576799721538902,-0.9068486920536288,-0.06904150226691799,0.17107969667126274,0.98537717976635,-0.1951873829887622,-0.09648914358091404,0.25821715214070723,-0.8394513928119246,-0.04834706611574574,-0.9067785801864621
Expanding Mean 16 humidity,0.3027786740335012,0.08553861884228793,-0.8981362487986231,-0.07484316255519471,0.15890157684103834,0.9744125273165454,-0.18417675496516933,-0.09834420064063673,0.2583201287714762,-0.8285360001617781,-0.043931220875125916,-0.8980219857306094
Expanding Mean 24 humidity,0.3214234161082662,0.08959828178590361,-0.874748684678172,-0.09066678792435096,0.1326763368635981,0.9461071652060641,-0.16125190826624036,-0.09947669587523876,0.2571239439127829,-0.7969018644203901,-0.02321075149808392,-0.8746910696173782
Expanding Mean 48 humidity,0.2972420930893256,0.0914747463881333,-0.6997451069613706,-0.1534936745450496,-0.002560471853387786,0.7500424737476965,-0.046441056172241535,-0.0870340640467017,0.2036500662526365,-0.6073669086042235,0.05249115863172064,-0.6996179805026874
Expanding Mean 96 humidity,0.26833545330348635,0.0900679737044763,-0.6243673733686647,-0.0875960158749952,0.04453609559669717,0.6951221254619367,-0.08576911573769508,-0.13429132754096673,0.2418872724828209,-0.51256567046234,0.13433031388637046,-0.6241946895256082
Expanding Mean 2 visibility,0.048537127571892026,-0.024366071551742856,0.07765028720791096,-0.3412358349232308,-0.7978258542255383,-0.2386101655439826,1.0,0.3324814398948548,-0.459591361315081,0.015430995425850094,-0.29377477329978186,0.07704510843967896
Expanding Mean 3 visibility,0.047719749314113234,-0.024692973182574827,0.08343232003582148,-0.3397194516165609,-0.8051065311805096,-0.2442248400884721,0.989027258504146,0.3333785110125583,-0.4570103698992828,0.021602364455594027,-0.29204697388428885,0.08282739263658362
Expanding Mean 4 visibility,0.04824003388852653,-0.024427093145511915,0.07943568599777581,-0.3408350678917769,-0.7976259961590092,-0.2403339902121811,0.9998059368451636,0.3318096907968742,-0.4595520525490501,0.017256387317479076,-0.29300762540681463,0.07883095339662193
Expanding Mean 8 visibility,0.045997051883054495,-0.02038291777891747,0.09446107922287228,-0.3382864249842925,-0.8074111489430459,-0.25654998178475885,0.9790465352647844,0.3344591122761512,-0.4607188754342966,0.032569953547269166,-0.2896891126252698,0.09386382681897756
Expanding Mean 12 visibility,0.04503302037865559,-0.02235532408320824,0.10844399223898077,-0.3294221890304576,-0.8133637054607399,-0.2696119769906233,0.9487584841087688,0.3328569386584204,-0.4485776462840236,0.04883456970464696,-0.2823087640110961,0.10786025904347683
Expanding Mean 16 visibility,0.037006112063524436,-0.015368806357102829,0.12789609009182806,-0.3365493359112646,-0.8120626126874749,-0.2905493538606105,0.9470447542063845,0.3365082025843667,-0.4644946884858786,0.06818853354032202,-0.2767629160357095,0.12731158652507618
Expanding Mean 24 visibility,0.029712187715006007,-0.023388773333950067,0.15213759269220026,-0.3066322736799044,-0.796102295799636,-0.3156376837702352,0.8945891129298762,0.32786391708419504,-0.4463005728829652,0.09497802750013523,-0.2628369699422209,0.1515696443935707
Expanding Mean 48 visibility,0.053430198758883635,-0.012367784902234369,0.12768295018536316,-0.2847688213988256,-0.7682078203388081,-0.3037185210796242,0.8218310476258144,0.3425461429935629,-0.4521969560520056,0.06021376727964405,-0.31993243441481883,0.12706655581090953
Expanding Mean 96 visibility,0.03123828155671234,-0.01198469149289057,0.1362333510627171,-0.28562074159520445,-0.7396465956743586,-0.3042802900082133,0.7394631804599342,0.3536438944350456,-0.4565220474436637,0.06913166910604993,-0.305678081768318,0.13557397343380448
Expanding Mean 2 pressure,-0.04766981907096887,0.005742228190721292,0.004133619307540849,-0.4833652780869742,-0.4450868112517211,-0.10761703749287144,0.3324814398948548,1.0,-0.4435800470809813,-0.04734647506571819,-0.20853136537818973,0.003641783356450823
Expanding Mean 3 pressure,-0.04573143552177866,0.0062168133568142395,0.005337906497374363,-0.4849413677996982,-0.4468124654753409,-0.10942792865382699,0.3334975450288013,0.999239317773638,-0.4439274140511881,-0.04596360817795371,-0.2093933734621644,0.004843034004167572
Expanding Mean 4 pressure,-0.047295152668936837,0.005819307286631475,0.0044905538907602715,-0.4836683312318661,-0.4453830210603012,-0.10809532716304253,0.3327108961706743,0.9999781023501008,-0.4436268996619245,-0.04692192448502184,-0.2086427515927629,0.003998373189835464
Expanding Mean 8 pressure,-0.04166097955309106,0.006730148956999204,0.00762075816960618,-0.4868858710032048,-0.4483607778842958,-0.11294153487091832,0.3342499962436232,0.9979649714395024,-0.4442437275636738,-0.042742499902440785,-0.2100868225626079,0.007129528401273578
Expanding Mean 12 pressure,-0.03879524963447517,0.008351920231592244,0.012427242759409006,-0.4889654459637735,-0.4523959123469326,-0.11926978277650045,0.3368904508892012,0.995158973394206,-0.4450230269825787,-0.0376122564339539,-0.2117520386309724,0.011934226580854971
Expanding Mean 16 pressure,-0.035541371487499286,0.010295059510524548,0.018259326938862924,-0.4891968454923879,-0.4514894381806369,-0.12501132844777635,0.33545355407216804,0.9931931262064678,-0.44412178574932537,-0.03046279681967958,-0.2093487995632249,0.017771805209437948
Expanding Mean 24 pressure,-0.023320841897710626,0.013554559215996673,0.024238399853030525,-0.4917722933631644,-0.4585328010380921,-0.13318952114326793,0.33780091473817153,0.9870933741245294,-0.4484980012221141,-0.02126663907308077,-0.2069570291692567,0.023705998834377004
Expanding Mean 48 pressure,-0.01802579865230888,0.01326032915278756,0.044822457639071805,-0.501299574081283,-0.4718512982416308,-0.15521883337438555,0.3474883602544261,0.9741214690149946,-0.4564024302817054,0.00265401366348298,-0.1951359289406568,0.04427230332456021
Expanding Mean 96 pressure,-0.044234949530884984,0.003309985184059093,0.1036499128391842,-0.4618744345858374,-0.4350838296932952,-0.20755944667423806,0.3180500862476585,0.9598876873274432,-0.4560907555060829,0.05411185801957257,-0.19034583835683724,0.10309871304099023
Expanding Mean 2 cloudcover,0.026051284044601938,-0.015654851439672244,-0.2069936200926692,0.3570738520534461,0.5827726434669139,0.2747576527337681,-0.459591361315081,-0.4435800470809813,1.0,-0.15234008587512832,0.10243859573212352,-0.20629161964532208
Expanding Mean 3 cloudcover,0.026895684651469583,-0.015677701358608142,-0.2088740265600048,0.35773566978033217,0.5831161220741594,0.2764410396307615,-0.4599267199670545,-0.4433507178479481,0.999635786199732,-0.1544229327551375,0.1013498927148164,-0.20817318784268293
Expanding Mean 4 cloudcover,0.02775930338925571,-0.015584883809960143,-0.21084114352643754,0.35835244619086576,0.5835283337770935,0.2782644911288775,-0.4603085443329388,-0.4431591627274972,0.9993769118013416,-0.1565606825026466,0.10038906021587456,-0.21014039536718288
Expanding Mean 8 cloudcover,0.031374247858788555,-0.015730001970284624,-0.21903981449206286,0.3606779570074625,0.5849215200861191,0.2859143377539964,-0.4621749605725811,-0.4432988507556753,0.9961372648912806,-0.16529261607464873,0.0974449823597608,-0.21834620174830394
Expanding Mean 12 cloudcover,0.034191086522097736,-0.01520022291564077,-0.22651344540167245,0.36213543002747095,0.5846394919590272,0.2926186698912891,-0.4630653682600615,-0.4410015921093173,0.9890092094457014,-0.17337740403752294,0.0943732426771436,-0.22583357870474186
Expanding Mean 16 cloudcover,0.03645014316243116,-0.017857673454151818,-0.2377084740626128,0.3658728426685367,0.5847074794612461,0.3034512655718813,-0.4645169763148314,-0.4424748261693627,0.9818608817909328,-0.18483581255509365,0.09230256661692507,-0.2370409842233177
Expanding Mean 24 cloudcover,0.04731410162309892,-0.018092314381395462,-0.2510177011102787,0.3654308298831831,0.5819243064803006,0.3154527941010161,-0.4634528098089053,-0.4417259112026784,0.9641796312931684,-0.19896133214170605,0.08566730934706662,-0.25032999928204136
Expanding Mean 48 cloudcover,0.04887416804237114,-0.01925175649466761,-0.24823193887148304,0.3545608126686311,0.5913327083250296,0.32233425924262743,-0.4717350513832463,-0.4371403340692284,0.9143420429949785,-0.194031562283254,0.11270739013377312,-0.24756466065946314
Expanding Mean 96 cloudcover,0.040741964922594666,0.013089350355294259,-0.3159642596822048,0.3992742364789314,0.5182108754416439,0.3772260430327039,-0.422561173212088,-0.47108913942271,0.8261995582551995,-0.2561922645570208,0.0985046046114126,-0.31527399823240193
Expanding Mean 2 heatIndexC,-0.3597016763885657,-0.1019115757216655,0.9734125787855455,0.0518194946140646,0.02233398583741179,-0.8523046501965623,0.015430995425850094,-0.04734647506571819,-0.15234008587512832,1.0,0.4937537969564516,0.97346450010431
Expanding Mean 3 heatIndexC,-0.3619902148767645,-0.10221759994798413,0.9738620858259606,0.05805498902029666,0.028741923625720537,-0.8518537602085895,0.010305657233239306,-0.04793713306341483,-0.1504588573405248,0.9990907030240476,0.4922423601552261,0.9739146921093428
Expanding Mean 4 heatIndexC,-0.3616646348259692,-0.10230242657113146,0.9737546928587836,0.0612007655813045,0.03249045906078246,-0.8510848342721543,0.0072304974651105185,-0.04934094660634847,-0.1485628823522994,0.9989385652460032,0.4922881078720444,0.9738147869237422
Expanding Mean 8 heatIndexC,-0.366538854552826,-0.10317360216250113,0.9717941979714344,0.0823643828925453,0.05581000249572012,-0.8462900285597361,-0.010948902576865718,-0.05218097543102949,-0.14208705530515922,0.9919361983202528,0.483899538318166,0.9718521856010202
Expanding Mean 12 heatIndexC,-0.3695172305982358,-0.10298330592067707,0.9627316662725652,0.10273631194981253,0.07787997779306881,-0.8364383713036815,-0.029629207232742875,-0.05743966395348081,-0.1309350227452734,0.9802052655751252,0.4747090512141608,0.9628200238467459
Expanding Mean 16 heatIndexC,-0.3633276161274889,-0.10290802735884444,0.9564690745683846,0.1052808346359108,0.08781445925963102,-0.8280535078044738,-0.03437659662742853,-0.05416406783890138,-0.13599653231620715,0.969902891096449,0.4674342302344867,0.9564665314736808
Expanding Mean 24 heatIndexC,-0.3862957327904765,-0.11154223280037974,0.9266475805064786,0.13552639051192678,0.12553272672632312,-0.8003464713424108,-0.06766439391173996,-0.05376093248704774,-0.1219540753240788,0.9275645186203948,0.42764868522637695,0.9266816207395384
Expanding Mean 48 heatIndexC,-0.3402167011701567,-0.1042824279481425,0.709497784308567,0.1973811984092088,0.2482987158139188,-0.5917676315559686,-0.16969181212296214,-0.057435883101037075,-0.06888334342066313,0.6854703815204498,0.29405672179467585,0.7094413864735353
Expanding Mean 96 heatIndexC,-0.3035381177913704,-0.11084842377840974,0.6604698582402495,0.10530716266047896,0.19573821065388067,-0.554423778694929,-0.11469159229768278,-0.021213792275751958,-0.13993176020885206,0.6179381759369723,0.2416799732033688,0.6602925553154705
Expanding Mean 2 dewPointC,-0.2273968980496437,-0.061120449577483124,0.3441551270194001,-0.02557431212590602,0.3396705572530101,-0.05690686774160215,-0.29377477329978186,-0.20853136537818973,0.10243859573212352,0.4937537969564516,1.0,0.3444444273385092
Expanding Mean 3 dewPointC,-0.23061320467711915,-0.0624017338066545,0.3478377924869713,-0.02004027784362074,0.34400149613084885,-0.05917245983445234,-0.29698946641494905,-0.20785569538014456,0.10395335769243798,0.4972449590177558,0.9940650941237028,0.34809806853349184
Expanding Mean 4 dewPointC,-0.2275714945256305,-0.06121588959151214,0.3444357477663885,-0.02464073348888891,0.340615434249092,-0.056952283333710926,-0.29439937985338777,-0.2084347460266069,0.10284824626993176,0.4939240771618597,0.99983951652699,0.3447237278434241
Expanding Mean 8 dewPointC,-0.2283935406423735,-0.060137600299693714,0.34517543474557705,-0.015511810791967081,0.3541300581770242,-0.053859702242068916,-0.30309316883310666,-0.2056325408982232,0.10786453384624754,0.4930687556762357,0.9851695546405228,0.34535290268772845
Expanding Mean 12 dewPointC,-0.2345652581545974,-0.061278386364202776,0.3508362573870861,0.001874233513785984,0.3632498793481022,-0.0608622235029325,-0.3095681618697431,-0.2056477861481146,0.11260789189943432,0.4956533467299642,0.9619744708284088,0.3510488867896913
Expanding Mean 16 dewPointC,-0.21968611104794844,-0.05797097423673296,0.33940373395249857,-0.005252850087473756,0.3639793406277343,-0.04750701067973655,-0.3046413106235744,-0.2048641711521739,0.12070635175191813,0.4853188986998716,0.957519499883838,0.3395788983127204
Expanding Mean 24 dewPointC,-0.2276115596418035,-0.055332456769074716,0.28478304701143003,0.000573962995409726,0.40187034616976375,0.00971745404774852,-0.3368462215958198,-0.19911844032244014,0.13655931539638572,0.4231996222086902,0.9132310466164654,0.2849510233897056
Expanding Mean 48 dewPointC,-0.17678716170070244,-0.04783394394195418,0.17892717940213576,0.04729608182130862,0.4615913370656963,0.10059706131562744,-0.3788865066546464,-0.2119270929131088,0.1790100371296368,0.3010159614189238,0.7814504011811564,0.17890142049264596
Expanding Mean 96 dewPointC,-0.13588918685925433,-0.05533403900269911,0.22987567189973024,0.017375698897641415,0.387415256945006,0.027101804778394013,-0.3053511780719791,-0.2052758232237348,0.09153029013592008,0.3279215462538141,0.6818661231049798,0.2296426869667703
Expanding Mean 2 windChillC,-0.35694969289577205,-0.10269966553414993,0.999902610481492,0.061823118714677376,-0.042329665170411264,-0.9142171350397637,0.07704510843967896,0.003641783356450823,-0.20629161964532208,0.97346450010431,0.3444444273385092,1.0
Expanding Mean 3 windChillC,-0.3590600545933744,-0.1031486211256116,0.9986751117492612,0.06865895776474552,-0.03424279121875377,-0.9128023804870008,0.07079691090078831,0.0026710568990413693,-0.20351828596978305,0.9719837799990584,0.3431238175500976,0.9987592778811965
Expanding Mean 4 windChillC,-0.3572086304886172,-0.10286752516600847,0.9989910629901266,0.07125997139748955,-0.03263182322409843,-0.912066842571774,0.06929416544735177,0.0005320404683331678,-0.2019522688075994,0.971743611559438,0.34324184115188633,0.99908466712293
Expanding Mean 8 windChillC,-0.3606864949733472,-0.1035492864184936,0.9914643389485408,0.08950708633115922,-0.010142034404034305,-0.9044637392267516,0.05148732330338218,-0.00020800789509213723,-0.1964917517754252,0.9616809647509692,0.3340668464695878,0.9915212093054868
Expanding Mean 12 windChillC,-0.3635331470126902,-0.10378787887712804,0.9799614864254091,0.10842788308196892,0.01193635906659404,-0.8927833918188164,0.033701277425460814,-0.0034347128057808304,-0.1863797193072952,0.9487271733291436,0.3256462039887173,0.9800549814865624
Expanding Mean 16 windChillC,-0.35518585903026745,-0.10168596717457894,0.9685861244541676,0.1116028257499559,0.021595294583371068,-0.882062920959742,0.02648557822187505,-0.001852511360227015,-0.18925326076295595,0.9348875433150722,0.3174566747099988,0.9685954852594194
Expanding Mean 24 windChillC,-0.374919876047513,-0.10695460501424198,0.9320705685140194,0.1315534195077055,0.05010979309532634,-0.8497411865808402,0.002138136547011573,0.0035604126185093407,-0.18376964654786548,0.8889727397239288,0.2807252568108767,0.9321025843879884
Expanding Mean 48 windChillC,-0.3313010918524218,-0.09889213999758337,0.7207532611230781,0.19387319693862654,0.17007939678926262,-0.645758819971124,-0.10058310299365587,-0.015880084307396895,-0.12375510785143362,0.6647524141681691,0.17266338352306854,0.7207080262271541
Expanding Mean 96 windChillC,-0.2988592644954577,-0.10254396130116347,0.670762656579668,0.10074882279979676,0.11794133689833065,-0.6103620075644165,-0.04914145070360522,0.02861545045973082,-0.1893344428940069,0.5982631404971233,0.1211692737532378,0.6706020973884798
